Timestamp,Open,High,Low,Close,Volume
2022-09-30,26.13,26.475,26.04,26.07,3619676
2022-09-29,25.85,26.17,25.63,26.03,4292514
2022-09-28,25.81,26.71,25.77,26.58,5210994
2022-09-27,27.04,27.16,26.555,26.68,4441026
2022-09-26,27.16,27.477,26.8126,27.04,5073481
2022-09-23,28.43,28.46,27.905,28.16,4424554
2022-09-22,29.52,29.57,29.1,29.22,2993403
2022-09-21,30.1,30.115,29.46,29.46,3873676
2022-09-20,30.59,30.68,30.22,30.39,3127746
2022-09-19,30.22,30.575,30.12,30.54,1455299
2022-09-16,30.34,30.515,30.26,30.46,3194961
2022-09-15,30.41,30.87,30.4,30.67,2792718
2022-09-14,30.24,30.435,30.11,30.33,2851694
2022-09-13,30.7,30.99,30.44,30.48,3375321
2022-09-12,31.42,31.745,31.375,31.47,2610629
2022-09-09,30.74,30.955,30.56,30.9,2808756
2022-09-08,30.16,30.605,30.08,30.57,2541953
2022-09-07,29.91,30.435,29.85,30.38,2869227
2022-09-06,31.14,31.17,30.59,30.76,2318586
2022-09-02,30.87,31.22,30.52,30.59,3025291
2022-09-01,30.4,30.455,30.061,30.38,3027187
2022-08-31,30.88,31.15,30.8,30.83,2349475
2022-08-30,31.38,31.405,30.865,30.92,2613447
2022-08-29,30.87,31.265,30.746,31.14,1731679
2022-08-26,31.45,31.52,30.85,30.86,2407293
2022-08-25,30.9,31.185,30.83,31.17,1612189
2022-08-24,30.73,31.02,30.6,30.85,2511027
2022-08-23,31.39,31.61,31.35,31.41,2154820
2022-08-22,31.78,31.895,31.665,31.72,3396420
2022-08-19,31.88,31.95,31.625,31.81,3512115
2022-08-18,32.59,32.59,32.32,32.41,1503535
2022-08-17,32.82,33.07,32.74,33.04,2483465
2022-08-16,33.22,33.4388,33.19,33.4,1925712
2022-08-15,33.11,33.22,32.885,33.15,1547812
2022-08-12,33.46,33.63,33.3115,33.61,1800448
2022-08-11,33.5,33.645,33.385,33.5,1794557
2022-08-10,33.24,33.465,33.19,33.29,2242351
2022-08-09,33.44,33.68,33.315,33.45,2490998
2022-08-08,33.16,33.23,32.915,32.94,1880163
2022-08-05,32.45,32.825,32.42,32.81,2076860
2022-08-04,32.76,32.87,32.66,32.71,2075996
2022-08-03,32.84,33.05,32.655,32.85,3096574
2022-08-02,32.85,32.89,32.42,32.45,3163586
2022-08-01,33.56,33.79,33.11,33.44,4101440
2022-07-29,31.0,31.44,30.925,31.4,2889733
2022-07-28,31.42,31.45,31.09,31.39,2198905
2022-07-27,31.62,32.0099,31.54,31.95,1954888
2022-07-26,31.55,31.675,31.315,31.4,1805887
2022-07-25,31.77,31.93,31.61,31.83,2377751
2022-07-22,30.99,31.22,30.775,30.92,2030303
2022-07-21,30.69,31.35,30.63,31.33,3096326
2022-07-20,31.1,31.18,30.735,30.94,2292508
2022-07-19,31.37,31.6086,31.28,31.57,3802271
2022-07-18,31.14,31.36,30.915,31.01,2759291
2022-07-15,30.31,30.72,30.08,30.65,3333605
2022-07-14,30.42,30.43,30.115,30.36,3100200
2022-07-13,31.335,31.49,30.96,31.37,2714940
2022-07-12,31.0,31.62,30.95,31.35,1780375
2022-07-11,31.49,31.64,31.32,31.4,1796268
2022-07-08,31.59,31.76,31.4,31.58,2530694
2022-07-07,31.89,32.235,31.89,32.06,2065790
2022-07-06,30.96,31.26,30.735,31.15,2938869
2022-07-05,31.42,31.63,31.08,31.61,3098251
2022-07-01,32.2,32.72,31.96,32.68,2408622
2022-06-30,32.48,32.69,32.1,32.67,2992993
2022-06-29,33.68,33.68,33.31,33.39,2489404
2022-06-28,33.35,33.57,32.96,33.0,2518208
2022-06-27,33.05,33.23,32.865,32.92,2366673
2022-06-24,32.69,33.05,32.66,33.03,2794853
2022-06-23,32.69,32.71,31.97,32.34,4017819
2022-06-22,32.5,32.93,32.47,32.65,3802673
2022-06-21,33.29,33.3,32.91,33.13,5026709
2022-06-17,31.4,31.555,30.765,30.97,3755849
2022-06-16,31.48,31.77,31.23,31.63,3725422
2022-06-15,32.25,32.36,31.685,32.16,6107725
2022-06-14,31.3,31.405,30.895,31.14,3902704
2022-06-13,30.63,30.9,30.4,30.67,3884007
2022-06-10,31.13,31.17,30.675,30.81,3630058
2022-06-09,32.24,32.28,31.77,31.78,2970292
2022-06-08,32.75,32.815,32.375,32.5,2459389
2022-06-07,33.17,33.485,33.13,33.46,2043738
2022-06-06,33.69,33.805,33.28,33.38,2501740
2022-06-03,33.13,33.24,32.93,32.97,1392763
2022-06-02,33.14,33.37,32.95,33.37,2196863
2022-06-01,33.56,33.565,32.935,33.14,3110870
2022-05-31,33.375,33.71,33.36,33.46,2807347
2022-05-27,33.66,33.755,33.41,33.69,2965487
2022-05-26,32.9,33.155,32.9,33.01,2182243
2022-05-25,32.75,33.075,32.515,32.82,3248797
2022-05-24,32.57,32.84,32.31,32.72,4758123
2022-05-23,31.24,31.67,31.215,31.4,3245900
2022-05-20,31.12,31.12,30.2768,30.75,2594384
2022-05-19,30.24,30.67,30.22,30.52,3837689
2022-05-18,30.74,31.035,30.495,30.57,3369496
2022-05-17,31.33,31.52,31.18,31.41,2550259
2022-05-16,30.58,30.98,30.41,30.78,2296127
2022-05-13,30.33,30.775,30.26,30.71,3412345
2022-05-12,29.68,29.895,29.17,29.55,3934384
2022-05-11,30.78,31.16,30.2531,30.28,3784171
2022-05-10,30.96,31.01,30.25,30.75,3511962
2022-05-09,30.68,30.74,30.305,30.43,2807542
2022-05-06,31.17,31.32,30.895,31.25,3494392
2022-05-05,31.74,31.9,31.22,31.44,4131012
2022-05-04,32.43,33.01,32.16,32.95,3330450
2022-05-03,31.99,32.35,31.8,32.18,3745460
2022-05-02,31.01,31.1346,30.495,30.89,3269474
2022-04-29,30.83,32.31,30.81,31.01,7099930
2022-04-28,30.72,31.12,30.415,31.0,3834254
2022-04-27,30.52,30.64,30.26,30.44,4292304
2022-04-26,30.64,30.71,29.84,29.84,4482622
2022-04-25,32.34,32.435,31.765,32.38,5241536
2022-04-22,33.88,33.91,33.42,33.44,3283953
2022-04-21,34.99,35.055,34.43,34.51,2682749
2022-04-20,35.08,35.24,34.855,34.97,2394976
2022-04-19,34.11,34.38,34.09,34.36,1949000
2022-04-18,33.85,34.115,33.8,33.89,1827929
2022-04-14,33.97,34.13,33.855,33.94,1913608
2022-04-13,33.84,33.97,33.69,33.96,2423086
2022-04-12,33.91,34.115,33.425,33.51,2794183
2022-04-11,34.75,34.925,34.54,34.62,2037032
2022-04-08,34.24,34.62,34.23,34.53,2310586
2022-04-07,34.31,34.45,33.95,34.37,2782586
2022-04-06,33.98,34.42,33.87,34.22,2678611
2022-04-05,34.44,34.68,34.265,34.35,2355117
2022-04-04,34.33,34.675,34.215,34.49,2898211
2022-04-01,34.545,34.65,34.34,34.64,3289813
2022-03-31,34.62,34.685,34.21,34.22,2957647
2022-03-30,34.73,34.79,34.405,34.48,3072814
2022-03-29,34.7,34.73,34.225,34.44,3999852
2022-03-28,34.24,34.25,33.795,34.0,3175412
2022-03-25,34.16,34.38,34.07,34.21,2541975
2022-03-24,34.03,34.225,33.865,34.09,3090792
2022-03-23,33.65,33.89,33.505,33.53,2505352
2022-03-22,34.5,34.51,34.06,34.11,3521509
2022-03-21,33.11,33.21,32.94,33.0,2565437
2022-03-18,32.77,33.255,32.655,33.2,2780044
2022-03-17,32.73,33.269,32.56,33.21,3564556
2022-03-16,32.14,32.69,32.05,32.68,5315882
2022-03-15,31.56,31.615,31.25,31.55,4005632
2022-03-14,31.68,32.295,31.63,31.83,3916852
2022-03-11,31.47,31.62,31.11,31.12,3817864
2022-03-10,31.34,31.47,30.94,31.27,4566257
2022-03-09,32.26,32.445,31.965,32.18,5773212
2022-03-08,31.58,32.02,30.895,31.37,9003872
2022-03-07,31.32,31.43,30.445,30.59,7471016
2022-03-04,31.54,31.62,30.88,31.23,8134402
2022-03-03,33.74,33.87,33.08,33.25,5163087
2022-03-02,33.71,34.23,33.61,34.05,4761161
2022-03-01,33.81,33.95,32.825,33.16,5927032
2022-02-28,33.87,34.61,33.87,34.54,5365022
2022-02-25,35.71,36.309,35.65,36.27,4604928
2022-02-24,34.51,34.905,33.8731,34.89,6802946
2022-02-23,37.33,37.54,36.825,36.95,3071646
2022-02-22,37.01,37.355,36.84,37.09,3822826
2022-02-18,36.84,37.045,36.725,36.81,2640877
2022-02-17,36.58,36.75,36.325,36.5,2774911
2022-02-16,36.91,37.335,36.9,37.16,3136248
2022-02-15,37.49,37.63,37.295,37.42,3000426
2022-02-14,37.85,37.9,37.29,37.53,4692278
2022-02-11,38.09,38.61,37.715,37.81,4949908
2022-02-10,37.87,38.24,37.765,37.86,2859242
2022-02-09,37.97,38.075,37.775,37.8,2899513
2022-02-08,38.17,38.305,38.025,38.25,3140948
2022-02-07,37.42,37.72,37.27,37.55,3049676
2022-02-04,36.74,37.2,36.68,37.1,2795213
2022-02-03,37.38,37.49,36.865,36.94,2805077
2022-02-02,37.02,37.295,36.93,37.23,2329212
2022-02-01,36.43,36.93,36.405,36.88,3328350
2022-01-31,35.68,35.69,35.3,35.57,2249675
2022-01-28,35.5,35.52,35.04,35.45,2849204
2022-01-27,36.39,36.6,35.56,35.75,4901664
2022-01-26,35.4,35.45,34.795,35.06,3493065
2022-01-25,34.13,34.68,33.75,34.5,4603868
2022-01-24,33.44,33.54,32.81,33.53,4612927
2022-01-21,34.14,34.24,33.785,33.87,3353714
2022-01-20,34.49,34.82,34.27,34.31,2378675
2022-01-19,35.02,35.11,34.6901,34.77,2679287
2022-01-18,35.02,35.155,34.9128,35.03,3340230
2022-01-14,35.1,35.38,35.02,35.35,4300992
2022-01-13,34.88,35.265,34.84,35.0,3744222
2022-01-12,34.15,34.34,34.1,34.28,2810353
2022-01-11,33.52,33.755,33.425,33.73,2904532
2022-01-10,33.37,33.4,33.2,33.33,2926209
2022-01-07,32.55,32.835,32.52,32.74,2878268
2022-01-06,32.33,32.48,32.22,32.45,4006227
2022-01-05,31.69,31.895,31.53,31.55,4292835
2022-01-04,31.7,31.985,31.68,31.82,4272106
2022-01-03,30.38,30.595,30.325,30.45,1705995
2021-12-31,30.17,30.255,30.0585,30.15,692361
2021-12-30,30.28,30.405,30.135,30.17,1997417
2021-12-29,30.27,30.35,30.14,30.22,2267491
2021-12-28,29.89,30.32,29.89,30.15,2098370
2021-12-27,29.935,30.11,29.75,30.07,1317215
2021-12-23,29.89,30.095,29.85,29.87,1770637
2021-12-22,29.48,29.6458,29.415,29.6,1929170
2021-12-21,29.35,29.49,29.335,29.36,1913192
2021-12-20,29.36,29.395,29.06,29.29,2619638
2021-12-17,29.65,29.66,29.27,29.3,2604678
2021-12-16,29.77,29.9,29.585,29.67,3064013
2021-12-15,28.96,28.96,28.53,28.78,1881452
2021-12-14,28.62,28.94,28.62,28.73,2015325
2021-12-13,28.74,28.76,28.38,28.41,2000539
2021-12-10,29.09,29.12,28.915,29.09,1100112
2021-12-09,28.99,29.125,28.87,29.08,1375256
2021-12-08,29.11,29.26,29.005,29.05,1343691
2021-12-07,29.17,29.39,29.13,29.31,2062991
2021-12-06,28.85,28.99,28.76,28.83,2310700
2021-12-03,28.67,28.755,28.235,28.42,3418192
2021-12-02,28.44,28.82,28.41,28.66,2695006
2021-12-01,28.37,28.5399,27.84,27.85,2640390
2021-11-30,27.83,27.91,27.55,27.68,2810803
2021-11-29,28.06,28.13,27.62,27.84,2181726
2021-11-26,27.97,28.01,27.51,27.77,2290479
2021-11-24,29.47,29.66,29.46,29.61,1182138
2021-11-23,29.65,29.795,29.5144,29.62,1917492
2021-11-22,29.09,29.32,29.06,29.1,1803237
2021-11-19,28.97,29.149,28.78,29.1,1705157
2021-11-18,29.58,29.65,29.44,29.54,1448044
2021-11-17,29.78,29.8,29.5,29.55,1477421
2021-11-16,29.51,29.66,29.42,29.49,2000633
2021-11-15,29.24,29.355,29.18,29.28,2193690
2021-11-12,28.93,29.065,28.895,29.0,1607511
2021-11-11,29.0,29.09,28.93,28.99,1176419
2021-11-10,29.1,29.215,28.87,28.9,1367125
2021-11-09,29.13,29.19,28.95,29.03,1372930
2021-11-08,29.46,29.62,29.24,29.25,1727374
2021-11-05,29.57,29.68,29.27,29.32,1910021
2021-11-04,29.5,29.52,29.02,29.25,2614230
2021-11-03,30.05,30.4465,30.05,30.3,1515061
2021-11-02,29.97,30.235,29.84,30.2,1740873
2021-11-01,30.4,30.575,30.36,30.56,1578929
2021-10-29,30.34,30.4,29.98,30.07,1915009
2021-10-28,30.37,30.54,30.2701,30.41,1379677
2021-10-27,30.52,30.77,30.34,30.42,1467449
2021-10-26,30.65,30.885,30.63,30.72,2716533
2021-10-25,30.285,30.54,30.22,30.5,1997585
2021-10-22,29.95,30.135,29.85,30.02,1716202
2021-10-21,30.0,30.095,29.88,30.0,1819455
2021-10-20,29.6,30.015,29.57,29.94,1384427
2021-10-19,29.84,29.89,29.75,29.86,1212583
2021-10-18,29.68,29.785,29.605,29.66,1546592
2021-10-15,29.86,30.06,29.58,29.97,2610387
2021-10-14,29.33,29.3992,29.07,29.19,1496291
2021-10-13,28.99,29.125,28.73,29.02,2488048
2021-10-12,28.98,29.15,28.885,29.03,2691827
2021-10-11,29.16,29.38,28.79,28.8,4698916
2021-10-08,28.41,28.6172,28.365,28.47,2074198
2021-10-07,28.36,28.46,28.15,28.18,3388659
2021-10-06,27.65,27.79,27.42,27.71,4313381
2021-10-05,26.56,26.96,26.44,26.88,2813634
2021-10-04,26.29,26.535,26.05,26.1,2126364
2021-10-01,26.21,26.52,26.1,26.38,1606761
2021-09-30,26.43,26.48,26.0733,26.15,1892892
2021-09-29,26.41,26.48,26.125,26.34,1861814
2021-09-28,26.35,26.45,25.85,25.96,2418030
2021-09-27,26.26,26.585,26.24,26.5,2423210
2021-09-24,25.66,25.7875,25.56,25.76,2694588
2021-09-23,25.61,25.96,25.6,25.84,2745626
2021-09-22,25.43,25.69,25.36,25.37,3379330
2021-09-21,24.87,24.89,24.395,24.53,3544477
2021-09-20,25.16,25.16,24.31,24.61,5179062
2021-09-17,26.16,26.2,25.72,25.75,3307345
2021-09-16,25.76,25.795,25.385,25.49,2080186
2021-09-15,25.74,25.91,25.68,25.75,1969243
2021-09-14,26.24,26.26,25.605,25.64,2382252
2021-09-13,26.24,26.425,26.17,26.33,1314165
2021-09-10,26.18,26.18,25.92,25.98,1779708
2021-09-09,25.96,26.23,25.8831,25.99,1619943
2021-09-08,26.26,26.31,26.07,26.09,1950395
2021-09-07,26.32,26.565,26.24,26.25,2102620
2021-09-03,26.6,26.74,26.5593,26.61,1667419
2021-09-02,26.52,26.81,26.485,26.62,1490266
2021-09-01,26.76,26.79,26.59,26.67,1531353
2021-08-31,26.43,26.74,26.39,26.44,2204713
2021-08-30,27.14,27.14,26.68,26.68,1407245
2021-08-27,26.96,27.19,26.93,27.15,1391970
2021-08-26,27.33,27.36,26.945,26.97,1541495
2021-08-25,27.23,27.5,27.08,27.39,1626176
2021-08-24,26.66,26.93,26.66,26.88,2600544
2021-08-23,27.03,27.24,27.01,27.17,1712367
2021-08-20,26.92,27.19,26.87,27.15,2117723
2021-08-19,27.08,27.22,26.85,26.96,2689903
2021-08-18,27.67,28.05,27.625,27.78,1993228
2021-08-17,27.85,27.98,27.67,27.89,1933562
2021-08-16,28.18,28.19,27.97,28.18,1690857
2021-08-13,28.6,28.65,28.41,28.44,1239277
2021-08-12,28.5,28.54,28.245,28.47,1485261
2021-08-11,28.55,28.67,28.48,28.63,1785472
2021-08-10,28.08,28.42,28.03,28.34,2118460
2021-08-09,28.37,28.53,28.28,28.39,1161436
2021-08-06,28.25,28.48,28.2,28.41,1871473
2021-08-05,27.87,28.12,27.81,28.11,1254410
2021-08-04,27.71,27.94,27.655,27.81,2189159
2021-08-03,27.68,27.895,27.33,27.86,2053869
2021-08-02,27.54,27.735,27.32,27.43,2920320
2021-07-30,27.67,27.93,27.51,27.57,1567769
2021-07-29,28.12,28.17,27.8,27.82,1345314
2021-07-28,27.34,27.775,27.34,27.71,2431198
2021-07-27,27.71,28.02,27.54,27.95,1905926
2021-07-26,27.63,27.965,27.63,27.81,2408080
2021-07-23,27.85,27.85,27.515,27.61,2388447
2021-07-22,27.84,27.86,27.465,27.52,1990997
2021-07-21,27.42,27.77,27.42,27.66,2055199
2021-07-20,26.51,27.13,26.455,27.04,2921553
2021-07-19,26.99,27.07,26.69,26.79,3036265
2021-07-16,28.04,28.08,27.63,27.7,3335788
2021-07-15,28.19,28.43,28.16,28.32,1510089
2021-07-14,28.77,28.89,28.375,28.55,1471967
2021-07-13,28.61,28.675,28.42,28.65,2055261
2021-07-12,28.29,28.745,28.16,28.63,1988840
2021-07-09,28.38,28.82,28.16,28.72,2070452
2021-07-08,28.19,28.33,28.0,28.17,2157734
2021-07-07,28.56,28.89,28.48,28.8,1649049
2021-07-06,29.06,29.06,28.54,28.71,1842739
2021-07-02,28.92,28.94,28.645,28.84,2816032
2021-07-01,29.1,29.19,29.005,29.18,1186454
2021-06-30,28.86,29.035,28.75,28.85,1234858
2021-06-29,29.24,29.35,28.95,28.97,1313729
2021-06-28,29.45,29.4738,29.13,29.31,1398388
2021-06-25,29.76,29.865,29.6525,29.78,1086487
2021-06-24,29.54,29.68,29.42,29.59,1115664
2021-06-23,29.57,29.68,29.34,29.41,1577917
2021-06-22,29.52,29.555,29.335,29.43,1593435
2021-06-21,29.56,29.78,29.505,29.74,2457589
2021-06-18,29.88,29.96,29.53,29.56,3386579
2021-06-17,31.09,31.14,30.45,30.58,2781944
2021-06-16,30.91,31.02,30.68,30.9,2464124
2021-06-15,30.58,31.0,30.56,30.83,2501174
2021-06-14,31.02,31.125,30.9,30.97,1909430
2021-06-11,30.65,30.855,30.55,30.85,1332329
2021-06-10,31.05,31.12,30.7,30.7,1753315
2021-06-09,31.07,31.1,30.83,30.86,1663456
2021-06-08,31.42,31.4983,31.305,31.35,1128965
2021-06-07,31.61,31.62,31.46,31.53,1163842
2021-06-04,31.55,31.55,31.315,31.5,1335366
2021-06-03,31.8,31.88,31.49,31.54,2146687
2021-06-02,31.88,32.15,31.73,32.06,3002523
2021-06-01,31.69,31.86,31.61,31.65,2980108
2021-05-28,32.23,32.43,32.125,32.38,2305674
2021-05-27,31.78,32.025,31.75,31.96,2011969
2021-05-26,31.16,31.685,31.12,31.53,1181481
2021-05-25,31.86,31.99,31.4647,31.51,1554929
2021-05-24,31.32,31.63,31.25,31.57,1798666
2021-05-21,31.53,31.56,31.32,31.43,996337
2021-05-20,31.44,31.58,31.315,31.49,1103116
2021-05-19,31.22,31.54,30.97,31.51,1736026
2021-05-18,31.73,31.87,31.43,31.43,1196819
2021-05-17,31.21,31.53,31.065,31.4,1879936
2021-05-14,31.46,31.79,31.44,31.73,2284539
2021-05-13,30.78,31.22,30.725,31.16,2265850
2021-05-12,31.24,31.41,30.76,30.81,2816309
2021-05-11,31.04,31.41,30.89,31.18,2176013
2021-05-10,32.0,32.17,31.79,31.81,1498157
2021-05-07,31.19,31.63,31.13,31.6,1079323
2021-05-06,31.61,31.675,31.345,31.62,1472034
2021-05-05,31.45,31.6,31.31,31.51,1058564
2021-05-04,30.9,31.04,30.48,30.71,2142427
2021-05-03,30.63,30.775,30.43,30.65,3101950
2021-04-30,31.53,31.56,31.175,31.22,1464333
2021-04-29,31.86,31.9,31.58,31.72,2535827
2021-04-28,30.65,30.97,30.63,30.83,2402959
2021-04-27,30.33,30.73,30.29,30.72,2871063
2021-04-26,29.28,29.4782,29.27,29.33,2258947
2021-04-23,28.65,29.145,28.5775,29.03,1050387
2021-04-22,28.7,28.915,28.56,28.62,2035511
2021-04-21,28.79,29.225,28.735,29.19,1223229
2021-04-20,29.34,29.37,29.0,29.06,2014700
2021-04-19,29.89,30.01,29.745,29.77,1885638
2021-04-16,29.46,29.64,29.4,29.59,1595498
2021-04-15,29.32,29.35,28.99,29.27,1545588
2021-04-14,29.19,29.61,29.19,29.48,2002212
2021-04-13,29.25,29.345,29.1,29.25,1595203
2021-04-12,29.8,29.92,29.62,29.74,1081487
2021-04-09,30.12,30.2,29.83,29.9,1604887
2021-04-08,30.09,30.31,29.83,30.29,3561864
2021-04-07,29.73,29.87,29.58,29.74,2142211
2021-04-06,29.5,29.7,29.315,29.35,1689622
2021-04-05,29.52,29.64,29.3816,29.47,779312
2021-04-01,29.23,29.3,29.055,29.26,2433918
2021-03-31,29.38,29.4431,29.08,29.14,2120898
2021-03-30,29.25,29.575,29.195,29.44,1790317
2021-03-29,28.94,29.115,28.76,28.98,1473925
2021-03-26,29.09,29.25,28.93,29.16,1735645
2021-03-25,28.57,29.105,28.56,29.03,2237270
2021-03-24,28.77,29.1133,28.75,28.75,2480696
2021-03-23,29.1,29.3198,29.0046,29.02,1591150
2021-03-22,29.5,29.5068,29.26,29.34,1678736
2021-03-19,29.59,30.0,29.305,29.94,3088753
2021-03-18,30.19,30.92,30.18,30.4,3789997
2021-03-17,29.84,30.025,29.61,29.84,2479834
2021-03-16,29.64,29.64,29.1,29.39,1770420
2021-03-15,29.54,29.59,29.2082,29.58,1786037
2021-03-12,29.57,29.82,29.555,29.74,2153254
2021-03-11,29.69,29.835,29.48,29.58,2304437
2021-03-10,31.07,31.145,30.87,31.08,1994161
2021-03-09,31.07,31.15,30.855,30.91,2107832
2021-03-08,31.34,31.59,31.105,31.42,2677954
2021-03-05,30.74,30.76,30.085,30.64,2556809
2021-03-04,29.95,30.0,29.395,29.69,2733792
2021-03-03,30.01,30.305,29.97,30.03,2048021
2021-03-02,29.68,29.84,29.51,29.62,1939274
2021-03-01,29.3,29.5,29.17,29.37,2239715
2021-02-26,30.09,30.09,29.53,29.71,3278803
2021-02-25,31.15,31.21,30.06,30.18,4418804
2021-02-24,29.96,30.425,29.895,30.36,2489800
2021-02-23,29.96,30.235,29.69,29.85,2716056
2021-02-22,29.9,30.34,29.76,29.98,2766152
2021-02-19,29.7,29.91,29.49,29.56,1548405
2021-02-18,29.29,29.42,29.03,29.4,2194983
2021-02-17,29.69,29.945,29.59,29.91,1871430
2021-02-16,29.3,29.815,29.2,29.77,2646313
2021-02-12,27.6,27.86,27.58,27.8,1301315
2021-02-11,27.39,27.43,27.2124,27.33,1054203
2021-02-10,27.76,27.79,27.45,27.54,1852110
2021-02-09,27.11,27.39,27.075,27.3,2330767
2021-02-08,26.91,27.03,26.69,26.83,2107214
2021-02-05,27.09,27.15,26.655,26.74,1587879
2021-02-04,26.8,27.0533,26.8,26.96,2143625
2021-02-03,26.33,26.565,26.3,26.49,1647243
2021-02-02,26.46,26.73,26.41,26.59,1516033
2021-02-01,26.42,26.44,26.14,26.3,1203234
2021-01-29,26.47,26.52,26.0625,26.15,2470230
2021-01-28,26.88,27.27,26.75,27.11,2074589
2021-01-27,27.53,27.56,27.21,27.29,1926591
2021-01-26,27.5,27.555,27.38,27.5,1751886
2021-01-25,27.21,27.395,27.08,27.3,2032190
2021-01-22,27.78,27.91,27.6517,27.82,1340378
2021-01-21,28.61,28.64,28.24,28.45,2084394
2021-01-20,27.75,27.84,27.615,27.81,1193076
2021-01-19,27.98,28.03,27.73,28.01,1934963
2021-01-15,27.5,27.585,27.125,27.35,1908014
2021-01-14,27.65,28.0,27.64,27.79,2370973
2021-01-13,27.49,27.65,27.355,27.42,2211612
2021-01-12,28.0,28.08,27.84,28.01,1565339
2021-01-11,27.25,27.595,27.25,27.49,1661017
2021-01-08,28.03,28.08,27.645,27.87,2092073
2021-01-07,28.04,28.29,27.96,28.07,3532438
2021-01-06,27.57,28.32,27.5,28.21,7157327
2021-01-05,25.57,25.94,25.53,25.93,2697291
2021-01-04,26.06,26.18,25.66,25.74,2713390
2020-12-31,25.76,25.93,25.75,25.91,1314482
2020-12-30,26.16,26.175,25.85,25.94,1698589
2020-12-29,26.01,26.06,25.76,25.82,1646455
2020-12-28,25.94,25.98,25.79,25.85,2376873
2020-12-24,26.13,26.15,25.96,26.05,536537
2020-12-23,25.62,26.14,25.62,26.03,2789239
2020-12-22,25.64,25.675,25.445,25.53,1910185
2020-12-21,25.13,25.68,25.08,25.58,3313987
2020-12-18,26.58,26.58,26.0,26.2,2589582
2020-12-17,26.93,26.975,26.67,26.69,1688071
2020-12-16,26.79,26.91,26.57,26.66,1777487
2020-12-15,26.74,27.05,26.625,26.94,2977768
2020-12-14,27.04,27.13,26.65,26.68,2319986
2020-12-11,26.5,26.6,26.37,26.55,1852428
2020-12-10,26.31,27.18,26.31,26.78,3266569
2020-12-09,27.21,27.265,26.7,26.91,2448121
2020-12-08,26.51,26.74,26.49,26.62,2883644
2020-12-07,27.52,27.53,27.26,27.32,3040631
2020-12-04,28.62,28.74,28.3,28.37,2614119
2020-12-03,28.13,28.475,28.03,28.16,2750682
2020-12-02,27.46,27.95,27.38,27.78,3005642
2020-12-01,26.69,27.31,26.66,27.29,3364438
2020-11-30,26.39,26.415,25.87,25.89,3536427
2020-11-27,26.86,27.07,26.8,26.89,2204077
2020-11-25,26.6,26.79,26.33,26.75,2636079
2020-11-24,26.16,26.705,26.16,26.66,5645171
2020-11-23,25.46,25.62,25.46,25.61,2688693
2020-11-20,25.32,25.43,25.2,25.27,1933169
2020-11-19,25.14,25.39,25.02,25.38,2017112
2020-11-18,25.52,25.69,25.24,25.24,2212777
2020-11-17,24.67,24.95,24.515,24.91,2804913
2020-11-16,25.56,25.64,25.37,25.48,2717202
2020-11-13,24.43,24.61,24.4,24.53,2703894
2020-11-12,24.37,24.45,24.22,24.26,3298875
2020-11-11,25.35,25.595,25.065,25.31,5876003
2020-11-10,24.59,24.7635,24.46,24.46,4017458
2020-11-09,24.52,24.74,24.34,24.59,7283852
2020-11-06,22.42,22.44,22.16,22.28,2312129
2020-11-05,21.9,22.13,21.81,22.02,2780714
2020-11-04,21.73,21.77,21.42,21.47,4185407
2020-11-03,22.44,22.6853,22.315,22.54,6205634
2020-11-02,21.4,21.49,21.235,21.41,2516257
2020-10-30,20.91,21.0,20.732,20.98,3047989
2020-10-29,20.79,21.19,20.58,21.15,3685758
2020-10-28,20.72,20.8,20.425,20.51,3861586
2020-10-27,21.83,21.83,21.41,21.52,4722662
2020-10-26,21.07,21.08,20.645,20.73,5468522
2020-10-23,21.02,21.0399,20.7515,20.88,5142463
2020-10-22,19.85,20.245,19.835,20.17,2650597
2020-10-21,19.82,19.975,19.8,19.88,2030086
2020-10-20,19.86,20.09,19.83,19.91,2120899
2020-10-19,19.88,20.095,19.755,19.84,2858411
2020-10-16,19.63,19.8,19.58,19.71,1808641
2020-10-15,19.07,19.4,19.025,19.4,2195268
2020-10-14,19.44,19.54,19.23,19.23,2996893
2020-10-13,19.84,19.86,19.63,19.77,2888611
2020-10-12,20.25,20.25,20.09,20.25,2303268
2020-10-09,20.32,20.3497,20.05,20.13,2152207
2020-10-08,20.32,20.4,20.21,20.32,2361763
2020-10-07,20.31,20.44,20.235,20.37,2584492
2020-10-06,20.23,20.355,19.94,19.99,4145137
2020-10-05,19.91,20.09,19.845,19.96,2690772
2020-10-02,19.54,20.06,19.53,19.87,4991185
2020-10-01,19.64,19.6842,19.37,19.51,2858544
2020-09-30,19.53,19.71,19.49,19.58,4283386
2020-09-29,19.26,19.495,19.17,19.4,6594535
2020-09-28,19.8,19.99,19.64,19.96,6159773
2020-09-25,18.01,18.12,17.95,18.11,3674055
2020-09-24,18.4,18.54,18.2,18.39,3656001
2020-09-23,18.69,18.85,18.36,18.42,3992144
2020-09-22,18.69,18.78,18.26,18.35,4592217
2020-09-21,18.57,18.78,18.38,18.64,6124492
2020-09-18,19.85,19.895,19.7,19.73,4128070
2020-09-17,20.04,20.235,20.0,20.14,2274424
2020-09-16,20.33,20.56,20.26,20.39,2411305
2020-09-15,20.87,20.87,20.64,20.71,2528955
2020-09-14,20.82,20.855,20.62,20.64,2286595
2020-09-11,20.6,20.705,20.5425,20.67,2486501
2020-09-10,21.01,21.115,20.69,20.71,2903012
2020-09-09,21.27,21.37,21.15,21.21,3462130
2020-09-08,20.93,21.0,20.795,20.87,3358753
2020-09-04,21.35,21.44,21.03,21.37,3747670
2020-09-03,21.33,21.515,20.99,21.06,4469811
2020-09-02,21.2,21.445,21.175,21.43,2818002
2020-09-01,21.27,21.39,21.1,21.24,3354481
2020-08-31,21.9,21.99,21.59,21.63,2542762
2020-08-28,22.13,22.15,21.935,22.04,2177576
2020-08-27,21.67,21.81,21.58,21.65,2418597
2020-08-26,21.86,21.91,21.7501,21.82,2644117
2020-08-25,22.1,22.2,21.96,22.06,3699353
2020-08-24,21.77,22.25,21.705,22.25,4130586
2020-08-21,21.37,21.64,21.37,21.64,2742125
2020-08-20,21.56,21.72,21.525,21.72,2807952
2020-08-19,21.87,22.11,21.87,21.95,1954164
2020-08-18,22.05,22.07,21.84,21.89,2145040
2020-08-17,22.25,22.28,22.05,22.2,2297243
2020-08-14,22.13,22.35,22.12,22.28,1900040
2020-08-13,22.71,22.7859,22.28,22.34,2615249
2020-08-12,23.39,23.4,23.08,23.12,4418679
2020-08-11,22.42,22.815,22.35,22.49,6771887
2020-08-10,21.38,21.77,21.35,21.69,3810547
2020-08-07,20.99,21.37,20.98,21.34,4322195
2020-08-06,21.21,21.425,21.21,21.38,3423503
2020-08-05,21.7,21.91,21.7,21.82,2678140
2020-08-04,21.63,21.975,21.58,21.91,2890557
2020-08-03,21.42,21.84,21.35,21.58,5069721
2020-07-31,22.58,22.67,22.34,22.65,5842836
2020-07-30,22.59,22.78,22.41,22.76,3823927
2020-07-29,23.45,23.59,23.265,23.57,3848911
2020-07-28,22.6,22.87,22.565,22.75,3262940
2020-07-27,22.72,22.81,22.55,22.67,2991962
2020-07-24,23.3,23.44,23.22,23.24,2420731
2020-07-23,23.46,23.535,23.29,23.35,3619787
2020-07-22,23.51,23.65,23.405,23.56,3284572
2020-07-21,24.2,24.3,23.96,24.16,2654764
2020-07-20,23.48,23.705,23.42,23.63,2315504
2020-07-17,23.82,23.84,23.57,23.61,2854289
2020-07-16,24.12,24.32,24.055,24.11,2670507
2020-07-15,24.26,24.4,24.1543,24.27,3346232
2020-07-14,23.78,24.015,23.71,23.95,3731466
2020-07-13,23.99,24.09,23.78,23.89,3253971
2020-07-10,23.57,23.92,23.57,23.88,3519684
2020-07-09,23.87,23.88,23.43,23.52,4136677
2020-07-08,23.99,24.13,23.915,24.09,6168362
2020-07-07,24.78,24.93,24.56,24.6,3773478
2020-07-06,25.25,25.64,25.22,25.64,4810206
2020-07-02,24.13,24.38,24.025,24.26,4540977
2020-07-01,23.19,23.41,23.11,23.2,3684667
2020-06-30,23.18,23.43,23.12,23.33,4331877
2020-06-29,23.52,23.72,23.45,23.59,2835595
2020-06-26,23.9,23.9,23.325,23.36,3900311
2020-06-25,23.66,24.07,23.57,24.06,3873726
2020-06-24,23.91,23.91,23.4616,23.52,3800105
2020-06-23,24.21,24.33,24.06,24.14,3493126
2020-06-22,23.69,23.845,23.6,23.68,3666568
2020-06-19,24.29,24.3,23.9,24.06,3628284
2020-06-18,23.58,23.72,23.515,23.7,3318679
2020-06-17,24.01,24.02,23.82,23.91,4177904
2020-06-16,24.52,24.58,23.885,24.14,4751015
2020-06-15,23.38,23.9,23.28,23.82,4298411
2020-06-12,24.04,24.22,23.51,23.98,5047638
2020-06-11,23.985,24.125,23.42,23.52,6515580
2020-06-10,25.66,25.71,25.2,25.29,4923679
2020-06-09,25.62,25.875,25.54,25.75,4818613
2020-06-08,26.7,26.76,26.15,26.67,6161520
2020-06-05,27.01,27.04,26.51,26.55,9976536
2020-06-04,24.87,25.23,24.77,25.15,4502954
2020-06-03,24.99,25.35,24.98,25.26,8289529
2020-06-02,24.14,24.245,23.96,24.15,5270346
2020-06-01,23.26,23.84,23.19,23.82,5091392
2020-05-29,22.99,23.1299,22.67,23.05,7846753
2020-05-28,23.6,23.88,23.455,23.59,6666069
2020-05-27,24.35,24.42,24.035,24.17,6310092
2020-05-26,23.63,24.04,23.62,23.81,7400628
2020-05-22,23.33,23.43,22.955,22.97,7830198
2020-05-21,24.4,24.62,24.31,24.4,4310978
2020-05-20,25.16,25.31,25.08,25.13,3509686
2020-05-19,25.04,25.2,24.88,24.9,4313324
2020-05-18,24.92,25.37,24.885,25.26,5019915
2020-05-15,24.16,24.37,24.05,24.33,3705688
2020-05-14,23.96,24.595,23.875,24.54,5744531
2020-05-13,24.96,24.96,24.5325,24.7,4114873
2020-05-12,25.6,25.62,25.025,25.03,3179287
2020-05-11,25.24,25.53,25.14,25.49,2868059
2020-05-08,25.68,25.76,25.515,25.63,2448931
2020-05-07,25.07,25.52,25.07,25.21,3561567
2020-05-06,24.91,24.95,24.73,24.82,3178617
2020-05-05,24.93,25.005,24.8134,24.89,3439513
2020-05-04,24.78,24.81,24.54,24.76,3705171
2020-05-01,25.34,25.39,25.12,25.28,3700899
2020-04-30,25.98,26.02,25.61,25.73,2843024
2020-04-29,26.56,26.77,26.38,26.58,4871465
2020-04-28,26.0,26.17,25.765,25.88,4608326
2020-04-27,25.38,25.93,25.305,25.82,4986099
2020-04-24,25.16,25.18,24.69,24.98,2346187
2020-04-23,24.94,25.35,24.905,25.01,2688884
2020-04-22,25.12,25.16,24.811,24.97,3187382
2020-04-21,24.69,24.9385,24.48,24.68,4814976
2020-04-20,25.62,26.0,25.49,25.52,4658955
2020-04-17,25.81,26.01,25.63,25.96,5217151
2020-04-16,25.28,25.385,25.03,25.26,4177672
2020-04-15,25.53,25.68,25.39,25.45,4751615
2020-04-14,26.91,27.15,26.72,26.85,4450501
2020-04-13,26.6,26.7,26.285,26.44,2393795
2020-04-09,26.19,26.945,26.1685,26.76,5431135
2020-04-08,25.89,26.17,25.6,26.01,3658140
2020-04-07,26.16,26.22,25.49,25.6,5344133
2020-04-06,25.63,25.63,25.271,25.43,5738418
2020-04-03,24.36,24.5,24.12,24.33,4787229
2020-04-02,24.12,24.91,23.95,24.53,6858004
2020-04-01,25.35,25.795,25.1,25.14,8467037
2020-03-31,28.09,28.37,27.87,28.01,6354681
2020-03-30,28.42,28.91,28.27,28.86,4859009
2020-03-27,28.82,29.5,28.56,28.87,6997786
2020-03-26,29.3,30.21,29.22,30.13,7979577
2020-03-25,29.47,30.42,29.08,29.7,7512773
2020-03-24,29.32,30.08,28.837,29.59,7844320
2020-03-23,29.15,29.23,27.81,28.13,8219256
2020-03-20,29.6,29.66,28.59,28.81,7821469
2020-03-19,28.78,29.53,28.71,29.08,10479420
2020-03-18,28.43,29.13,27.99,28.6,12958210
2020-03-17,29.15,29.845,28.56,29.7,9833670
2020-03-16,26.93,28.7,26.83,28.14,6648843
2020-03-13,29.52,29.92,28.37,29.9,8070274
2020-03-12,28.66,28.86,27.7,28.55,9113576
2020-03-11,31.27,31.33,30.67,30.91,7740571
2020-03-10,31.71,31.75,30.815,31.67,10960040
2020-03-09,30.65,31.27,30.25,30.45,11090570
2020-03-06,31.93,32.335,31.86,32.26,5397632
2020-03-05,32.67,32.81,32.44,32.73,7171792
2020-03-04,32.99,33.26,32.7,33.23,6846698
2020-03-03,33.53,33.73,32.34,32.57,11539250
2020-03-02,33.27,33.785,32.95,33.77,7591433
2020-02-28,33.16,33.64,32.77,33.57,9456454
2020-02-27,34.22,34.51,33.78,33.82,7766479
2020-02-26,35.55,35.87,35.485,35.67,8365626
2020-02-25,35.36,35.4,34.66,34.82,5912259
2020-02-24,35.43,35.65,35.34,35.5,5695003
2020-02-21,36.21,36.46,36.11,36.46,4318541
2020-02-20,35.98,36.2399,35.94,36.17,5853574
2020-02-19,36.35,36.35,36.12,36.23,7778168
2020-02-18,36.13,36.25,35.8,35.82,9252276
2020-02-14,38.39,38.4,37.72,37.94,5071182
2020-02-13,38.25,38.53,38.19,38.21,4016909
2020-02-12,38.49,38.61,38.445,38.6,1794029
2020-02-11,38.22,38.32,38.15,38.25,2362263
2020-02-10,37.35,37.44,37.22,37.44,1327631
2020-02-07,37.42,37.52,37.26,37.3,2172432
2020-02-06,37.17,37.21,37.03,37.1,1713118
2020-02-05,36.94,37.02,36.815,36.98,1575739
2020-02-04,36.72,36.76,36.5,36.54,1990622
2020-02-03,36.09,36.3764,36.03,36.06,1980648
2020-01-31,36.5,36.535,36.13,36.29,2838131
2020-01-30,36.62,37.07,36.59,37.04,3016062
2020-01-29,36.9,36.92,36.58,36.7,1904668
2020-01-28,36.68,36.865,36.615,36.73,3447700
2020-01-27,36.53,36.75,36.37,36.51,3943609
2020-01-24,38.15,38.18,37.4143,37.52,5358037
2020-01-23,37.87,37.87,37.45,37.72,2911306
2020-01-22,38.12,38.16,38.015,38.07,1783629
2020-01-21,38.18,38.24,37.92,37.93,2374972
2020-01-17,38.83,38.85,38.68,38.77,1213271
2020-01-16,38.32,38.65,38.29,38.62,1364598
2020-01-15,38.31,38.46,38.23,38.35,1264879
2020-01-14,38.32,38.495,38.28,38.38,1466274
2020-01-13,38.23,38.545,38.15,38.52,2120247
2020-01-10,38.32,38.34,38.125,38.14,1529513
2020-01-09,38.47,38.52,38.28,38.5,1542541
2020-01-08,37.9,38.38,37.9,38.25,2299602
2020-01-07,38.27,38.39,38.2201,38.34,2643382
2020-01-06,38.28,38.65,38.28,38.63,1807548
2020-01-03,38.63,38.93,38.61,38.76,1694757
2020-01-02,39.14,39.37,39.08,39.37,2046887
2019-12-31,38.81,39.09,38.81,39.09,1321519
2019-12-30,39.18,39.21,38.95,38.98,1308944
2019-12-27,39.17,39.2,38.97,39.0,1401949
2019-12-26,38.75,38.92,38.7321,38.92,1116933
2019-12-24,38.82,38.88,38.69,38.69,579896
2019-12-23,38.56,38.78,38.56,38.78,1651850
2019-12-20,39.06,39.12,38.87,38.89,1905051
2019-12-19,38.86,39.0,38.81,38.88,1373672
2019-12-18,39.01,39.19,38.955,39.03,1792175
2019-12-17,38.9,39.02,38.805,38.91,1582731
2019-12-16,39.27,39.27,38.91,38.92,2293017
2019-12-13,38.55,38.74,38.245,38.43,3773517
2019-12-12,37.5,38.0,37.45,37.93,3952823
2019-12-11,36.98,37.16,36.89,37.16,2749037
2019-12-10,36.85,36.87,36.69,36.71,1631044
2019-12-09,36.9,37.04,36.8,36.83,2684300
2019-12-06,36.95,36.98,36.72,36.87,2120433
2019-12-05,36.51,36.54,36.29,36.37,1910614
2019-12-04,36.39,36.56,36.31,36.47,2990382
2019-12-03,36.3,36.35,36.045,36.33,3661887
2019-12-02,36.97,37.0,36.73,36.81,3649278
2019-11-29,37.27,37.31,37.21,37.26,1197086
2019-11-27,37.74,37.76,37.6,37.62,4132020
2019-11-26,37.45,37.53,37.32,37.53,2238563
2019-11-25,37.53,37.6,37.44,37.59,1649882
2019-11-22,37.29,37.34,37.09,37.19,1681556
2019-11-21,36.82,36.91,36.7,36.84,2146128
2019-11-20,37.18,37.26,37.02,37.1,1956419
2019-11-19,37.87,37.87,37.38,37.44,2086416
2019-11-18,37.24,37.31,37.1,37.24,1993457
2019-11-15,36.78,37.04,36.74,37.01,5882806
2019-11-14,36.85,36.88,36.61,36.81,2659604
2019-11-13,36.75,37.015,36.74,36.9,2993183
2019-11-12,37.79,37.89,37.67,37.68,1862026
2019-11-11,37.47,37.815,37.46,37.71,1942862
2019-11-08,38.26,38.29,38.07,38.24,1635098
2019-11-07,38.55,38.63,38.37,38.44,2693714
2019-11-06,38.42,38.53,38.35,38.5,1960364
2019-11-05,38.43,38.515,38.37,38.43,1575203
2019-11-04,38.52,38.565,38.43,38.52,1896762
2019-11-01,37.78,38.12,37.75,38.07,2146058
2019-10-31,37.69,37.8,37.49,37.79,1667580
2019-10-30,37.81,37.97,37.64,37.93,1986439
2019-10-29,37.94,38.02,37.859,37.97,2108185
2019-10-28,38.02,38.22,38.0,38.09,5230841
2019-10-25,39.22,39.56,39.22,39.52,2292178
2019-10-24,39.67,39.685,39.375,39.46,2469828
2019-10-23,39.13,39.36,39.13,39.36,2803715
2019-10-22,39.36,39.53,39.2,39.21,2700175
2019-10-21,39.2,39.22,39.075,39.15,1304795
2019-10-18,38.68,38.84,38.65,38.73,1749794
2019-10-17,39.08,39.23,38.83,38.87,2411910
2019-10-16,38.84,38.895,38.63,38.66,2596972
2019-10-15,37.88,38.73,37.88,38.6,5845613
2019-10-14,38.07,38.36,38.06,38.24,6644071
2019-10-11,38.47,38.55,38.145,38.2,6597939
2019-10-10,36.64,36.94,36.56,36.9,2573857
2019-10-09,36.91,37.035,36.7601,36.93,2462564
2019-10-08,36.74,36.825,36.54,36.68,2610010
2019-10-07,37.19,37.33,37.155,37.16,1903833
2019-10-04,36.82,37.25,36.765,37.21,2289909
2019-10-03,37.14,37.425,36.94,37.35,2887992
2019-10-02,37.31,37.33,37.03,37.13,3463330
2019-10-01,38.07,38.09,37.7442,37.86,2880146
2019-09-30,38.44,38.6,38.27,38.27,1721316
2019-09-27,38.38,38.41,38.01,38.14,1729421
2019-09-26,38.42,38.49,38.1,38.1,2228615
2019-09-25,37.84,38.07,37.76,37.98,1205207
2019-09-24,38.08,38.18,37.835,37.91,1615495
2019-09-23,37.99,38.18,37.91,38.11,1247598
2019-09-20,38.38,38.46,38.1202,38.16,2642045
2019-09-19,38.44,38.46,38.23,38.23,1197755
2019-09-18,38.08,38.265,38.02,38.2,1540124
2019-09-17,38.04,38.35,38.0,38.3,1866276
2019-09-16,38.54,38.62,38.3325,38.39,2391626
2019-09-13,39.13,39.29,39.1,39.14,2659913
2019-09-12,38.39,38.82,38.34,38.74,2713649
2019-09-11,38.65,38.71,38.485,38.6,3324059
2019-09-10,38.04,38.13,37.77,38.12,4841355
2019-09-09,37.14,37.62,37.1,37.45,4295165
2019-09-06,36.98,36.98,36.83,36.9,1645749
2019-09-05,36.78,36.89,36.715,36.8,3022197
2019-09-04,36.82,36.82,36.665,36.72,4398627
2019-09-03,35.76,35.92,35.715,35.88,2868165
2019-08-30,36.18,36.2,35.835,35.9,2621833
2019-08-29,35.98,36.15,35.865,35.96,3388668
2019-08-28,35.49,35.625,35.355,35.53,2355325
2019-08-27,35.83,35.84,35.49,35.56,2604683
2019-08-26,35.81,35.86,35.555,35.6,1719935
2019-08-23,36.13,36.28,35.6,35.63,4864178
2019-08-22,36.24,36.29,36.0701,36.2,1970058
2019-08-21,36.47,36.5,36.2,36.26,2403834
2019-08-20,36.36,36.4,36.13,36.17,2650767
2019-08-19,36.72,36.76,36.5,36.56,3781592
2019-08-16,36.04,36.28,35.985,36.12,4915559
2019-08-15,35.88,35.98,35.62,35.64,6716791
2019-08-14,36.29,36.41,36.0,36.0,10349040
2019-08-13,36.76,37.22,36.71,37.01,4212830
2019-08-12,36.81,37.06,36.72,36.79,4140434
2019-08-09,37.82,37.87,37.53,37.78,3493836
2019-08-08,38.11,38.43,37.98,38.35,3152703
2019-08-07,37.98,38.37,37.88,38.27,3152545
2019-08-06,38.62,38.62,38.065,38.32,3278798
2019-08-05,38.43,38.49,37.83,37.99,5503789
2019-08-02,39.41,39.42,39.03,39.36,2878004
2019-08-01,40.11,40.38,39.7,39.72,3585253
2019-07-31,40.1,40.3,39.92,40.16,2099771
2019-07-30,40.42,40.48,40.295,40.39,1471916
2019-07-29,40.83,40.94,40.6,40.6,1269416
2019-07-26,41.04,41.14,40.97,41.05,926618
2019-07-25,41.01,41.11,40.725,40.91,2571295
2019-07-24,41.04,41.14,41.0,41.09,1443607
2019-07-23,41.82,41.86,41.64,41.65,1472404
2019-07-22,41.4,41.45,41.235,41.43,1125538
2019-07-19,41.2,41.43,41.2,41.34,1380681
2019-07-18,41.4,41.45,41.27,41.43,952166
2019-07-17,41.42,41.435,41.18,41.23,1042330
2019-07-16,41.56,41.73,41.49,41.5,856222
2019-07-15,41.8,41.81,41.65,41.7,1036407
2019-07-12,41.68,41.715,41.6,41.63,883600
2019-07-11,41.67,41.735,41.595,41.7,1043145
2019-07-10,41.76,41.9,41.58,41.65,1193341
2019-07-09,41.74,41.86,41.66,41.84,1250893
2019-07-08,41.65,41.87,41.58,41.81,991356
2019-07-05,42.13,42.1656,41.9,42.08,1028228
2019-07-03,42.04,42.155,42.03,42.1,751345
2019-07-02,42.02,42.15,41.96,42.08,1208969
2019-07-01,42.0,42.05,41.75,41.87,1221031
2019-06-28,41.67,41.87,41.56,41.74,1703374
2019-06-27,41.47,41.57,41.37,41.41,1267445
2019-06-26,41.39,41.405,41.14,41.16,1695053
2019-06-25,41.09,41.205,40.96,40.98,1164760
2019-06-24,41.05,41.27,41.02,41.06,901971
2019-06-21,41.11,41.32,41.03,41.1,2861412
2019-06-20,41.56,41.67,41.445,41.65,2226705
2019-06-19,41.61,41.62,41.4,41.42,1186067
2019-06-18,41.15,41.435,41.07,41.24,1701497
2019-06-17,41.0,41.04,40.6,40.64,1121781
2019-06-14,40.74,40.8065,40.65,40.76,1683994
2019-06-13,41.19,41.2,40.9834,41.05,1178663
2019-06-12,41.49,41.49,41.22,41.22,1507820
2019-06-11,41.88,41.9,41.715,41.75,1232216
2019-06-10,41.58,41.8,41.55,41.64,959944
2019-06-07,41.45,41.6,41.4,41.46,1411657
2019-06-06,41.03,41.255,40.91,41.18,1575097
2019-06-05,41.11,41.175,40.96,41.14,1450055
2019-06-04,41.09,41.26,40.975,41.19,1873240
2019-06-03,40.87,40.96,40.74,40.84,1837347
2019-05-31,40.56,40.83,40.5,40.77,2017618
2019-05-30,41.33,41.43,41.2,41.29,1927319
2019-05-29,41.17,41.58,41.17,41.56,2005016
2019-05-28,41.7,41.83,41.56,41.56,1573296
2019-05-24,41.96,42.06,41.8652,42.0,978366
2019-05-23,41.69,41.83,41.51,41.81,1777676
2019-05-22,41.55,41.84,41.55,41.7,1583545
2019-05-21,41.66,41.825,41.57,41.68,1550428
2019-05-20,41.31,41.5,41.24,41.42,1857738
2019-05-17,41.58,41.83,41.55,41.61,1784055
2019-05-16,42.15,42.37,42.13,42.23,1561847
2019-05-15,42.22,42.6665,42.13,42.56,1593262
2019-05-14,42.16,42.34,42.05,42.15,1500228
2019-05-13,42.26,42.37,42.0,42.07,1615734
2019-05-10,42.56,42.965,42.395,42.86,1450751
2019-05-09,42.2,42.815,42.12,42.78,2214138
2019-05-08,42.87,43.0,42.79,42.84,2055814
2019-05-07,43.28,43.29,43.02,43.15,2457157
2019-05-06,43.39,43.865,43.33,43.79,2412596
2019-05-03,44.53,44.93,44.49,44.7,2373920
2019-05-02,43.5,43.64,43.4,43.47,2154313
2019-05-01,43.52,43.615,43.19,43.2,2108319
2019-04-30,43.27,43.63,43.18,43.57,1825545
2019-04-29,43.14,43.38,43.135,43.3,1250505
2019-04-26,43.07,43.09,42.95,43.07,1025666
2019-04-25,42.52,42.845,42.48,42.76,1607331
2019-04-24,42.86,42.88,42.71,42.83,1134253
2019-04-23,43.06,43.2256,43.01,43.15,1144716
2019-04-22,43.09,43.305,43.02,43.22,695354
2019-04-18,43.34,43.39,43.24,43.25,917421
2019-04-17,43.63,43.63,43.33,43.46,1443102
2019-04-16,43.33,43.44,43.18,43.33,1296535
2019-04-15,43.04,43.04,42.82,42.89,907951
2019-04-12,43.16,43.265,43.0,43.04,1618170
2019-04-11,42.66,42.75,42.47,42.59,1388014
2019-04-10,42.62,42.69,42.25,42.54,4159945
2019-04-09,42.77,42.79,42.56,42.63,1624762
2019-04-08,42.45,42.58,42.3334,42.56,1140055
2019-04-05,42.6,42.66,42.42,42.48,1407362
2019-04-04,42.18,42.44,42.1775,42.3,1445468
2019-04-03,42.61,42.72,42.496,42.55,2406089
2019-04-02,42.16,42.2999,42.07,42.15,2876449
2019-04-01,41.39,41.84,41.3575,41.76,3113347
2019-03-29,40.68,40.71,40.415,40.58,1968053
2019-03-28,40.38,40.52,40.28,40.51,2618524
2019-03-27,40.59,40.72,40.31,40.65,2269798
2019-03-26,40.56,40.64,40.405,40.58,1508336
2019-03-25,40.56,40.66,40.35,40.43,2316205
2019-03-22,40.66,40.72,40.34,40.42,2574343
2019-03-21,41.2,41.265,40.99,41.07,3258585
2019-03-20,41.33,41.46,41.19,41.21,1949505
2019-03-19,41.49,41.61,41.31,41.38,2119529
2019-03-18,41.42,41.57,41.31,41.53,2314833
2019-03-15,41.13,41.47,41.13,41.41,2898178
2019-03-14,41.14,41.28,41.02,41.14,2359268
2019-03-13,40.98,41.17,40.91,41.12,1975720
2019-03-12,41.0,41.13,40.98,41.07,1232669
2019-03-11,40.94,41.07,40.92,41.01,1770765
2019-03-08,40.65,40.91,40.65,40.87,1630619
2019-03-07,40.94,40.965,40.6885,40.87,2177512
2019-03-06,41.08,41.14,40.9241,40.97,1071511
2019-03-05,40.88,41.12,40.81,41.0,1677882
2019-03-04,40.7,40.79,40.51,40.68,2050115
2019-03-01,40.77,40.945,40.49,40.61,1988605
2019-02-28,40.87,41.15,40.78,40.83,2357442
2019-02-27,40.98,41.19,40.94,41.13,1823837
2019-02-26,40.54,40.845,40.52,40.76,1667586
2019-02-25,40.66,40.76,40.5273,40.59,1951270
2019-02-22,40.72,40.765,40.6,40.71,1601319
2019-02-21,40.95,40.96,40.66,40.81,2306149
2019-02-20,41.84,42.22,41.77,42.13,3105627
2019-02-19,41.16,41.55,40.93,41.52,6951878
2019-02-15,42.79,42.92,42.645,42.8,1562106
2019-02-14,42.24,42.525,42.1275,42.37,2038656
2019-02-13,42.55,42.68,42.295,42.33,1592385
2019-02-12,42.03,42.16,41.97,42.1,1085815
2019-02-11,41.81,41.92,41.65,41.68,1515942
2019-02-08,41.6,41.75,41.46,41.75,973976
2019-02-07,42.0,42.1,41.61,41.82,1048233
2019-02-06,42.22,42.37,42.045,42.1,1241972
2019-02-05,42.17,42.37,42.0944,42.34,901948
2019-02-04,41.77,41.99,41.72,41.97,1492506
2019-02-01,41.58,41.95,41.53,41.71,1496688
2019-01-31,41.9,42.14,41.775,42.13,1925694
2019-01-30,42.57,42.68,42.32,42.48,1879798
2019-01-29,42.2,42.35,42.035,42.08,1605236
2019-01-28,41.53,41.69,41.44,41.62,1331324
2019-01-25,41.87,42.05,41.7581,41.86,1606235
2019-01-24,41.17,41.47,41.17,41.41,1410317
2019-01-23,41.7,41.745,41.44,41.64,1219945
2019-01-22,41.41,41.57,41.2515,41.38,2288119
2019-01-18,42.04,42.1,41.8,41.92,1598543
2019-01-17,41.15,41.535,41.1401,41.49,1632450
2019-01-16,41.43,41.79,41.4,41.54,1480486
2019-01-15,40.95,41.26,40.81,41.22,1962618
2019-01-14,40.91,41.32,40.89,40.98,2759901
2019-01-11,41.29,41.66,41.21,41.42,2055921
2019-01-10,41.13,41.66,41.1,41.53,1690624
2019-01-09,41.46,41.5735,41.13,41.44,2733703
2019-01-08,41.51,41.57,40.95,41.16,2883260
2019-01-07,41.04,41.26,40.86,41.05,2212255
2019-01-04,41.33,41.85,41.26,41.61,3059913
2019-01-03,40.53,40.77,40.29,40.43,1478404
2019-01-02,40.37,40.905,40.25,40.88,2565040
2018-12-31,41.17,41.41,40.845,41.11,1719904
2018-12-28,41.01,41.345,40.875,41.07,2190405
2018-12-27,40.3,40.7,39.85,40.7,3242731
2018-12-26,40.64,41.23,40.01,41.23,2421162
2018-12-24,40.54,40.88,40.28,40.37,1771123
2018-12-21,40.97,41.45,40.41,40.56,4191906
2018-12-20,41.15,41.285,40.74,40.98,4317103
2018-12-19,41.12,41.39,40.3,40.34,3760628
2018-12-18,41.17,41.28,40.67,40.79,1923031
2018-12-17,40.98,41.07,40.54,40.7,1964980
2018-12-14,40.69,41.09,40.69,40.9,1246958
2018-12-13,41.46,41.56,41.175,41.32,1969839
2018-12-12,41.38,41.77,41.255,41.35,2489213
2018-12-11,40.87,40.91,40.105,40.26,2524477
2018-12-10,40.74,40.86,39.99,40.41,3089840
2018-12-07,41.38,41.645,40.6826,40.85,2877827
2018-12-06,40.8,41.01,39.5801,41.01,5616368
2018-12-04,43.26,43.32,42.33,42.55,3636161
2018-12-03,43.47,43.595,43.275,43.47,2232734
2018-11-30,42.24,42.62,42.21,42.54,1542037
2018-11-29,42.72,42.99,42.69,42.81,1519557
2018-11-28,42.77,43.3199,42.57,43.27,1936419
2018-11-27,42.88,43.035,42.68,42.85,1571290
2018-11-26,43.04,43.28,43.03,43.17,2172067
2018-11-23,41.92,41.94,41.71,41.74,775619
2018-11-21,42.18,42.2835,41.87,41.87,1519004
2018-11-20,41.26,41.39,40.959,41.05,1539363
2018-11-19,42.19,42.24,41.65,41.91,1588272
2018-11-16,41.83,42.28,41.77,42.24,1909948
2018-11-15,41.45,42.42,41.35,42.4,2151243
2018-11-14,42.1,42.101,41.34,41.77,1899480
2018-11-13,41.51,42.0234,41.48,41.79,2919090
2018-11-12,41.24,41.24,40.8025,40.88,1609572
2018-11-09,41.24,41.37,41.07,41.23,2799200
2018-11-08,42.26,42.41,41.79,41.93,1586592
2018-11-07,42.15,42.28,41.83,42.28,2091522
2018-11-06,41.58,41.79,41.53,41.79,2043037
2018-11-05,41.86,42.02,41.52,41.7,2119548
2018-11-02,42.33,42.36,41.73,41.96,2120454
2018-11-01,41.47,41.56,41.325,41.56,2240033
2018-10-31,41.16,41.38,41.07,41.09,2499415
2018-10-30,40.5,40.72,40.345,40.67,2676153
2018-10-29,40.93,41.04,39.94,40.18,4054351
2018-10-26,38.63,38.91,38.234,38.66,3658912
2018-10-25,38.99,39.31,38.855,39.14,3032636
2018-10-24,39.19,39.19,38.54,38.57,4870812
2018-10-23,39.71,39.8,39.26,39.4,8433196
2018-10-22,40.61,40.66,40.25,40.35,6436728
2018-10-19,40.64,40.755,40.37,40.46,9964672
2018-10-18,40.87,40.94,40.01,40.15,12463230
2018-10-17,41.38,41.8376,41.2,41.53,1490838
2018-10-16,41.45,41.791,41.34,41.73,1770021
2018-10-15,41.64,42.03,41.59,41.76,1887958
2018-10-12,42.3,42.3,41.48,41.98,2150137
2018-10-11,42.54,42.555,41.59,41.78,3867541
2018-10-10,43.97,43.98,43.17,43.17,1500150
2018-10-09,43.42,43.65,43.2065,43.5,1296824
2018-10-08,43.45,43.6338,43.165,43.56,1343176
2018-10-05,44.13,44.13,43.7,43.82,1221954
2018-10-04,44.47,44.65,43.955,44.2,1219128
2018-10-03,43.99,44.3,43.89,44.16,1301837
2018-10-02,43.48,43.64,43.38,43.6,1354658
2018-10-01,44.0,44.2,43.98,44.11,997444
2018-09-28,44.2,44.3,43.95,43.99,1541539
2018-09-27,45.18,45.28,44.85,44.88,1427244
2018-09-26,45.22,45.33,44.88,44.9,1699335
2018-09-25,44.95,45.035,44.7185,44.76,1242373
2018-09-24,45.15,45.1602,44.56,44.65,2116846
2018-09-21,44.93,45.0554,44.81,44.92,887088
2018-09-20,44.84,44.9,44.55,44.79,1353937
2018-09-19,44.01,44.33,43.97,44.19,1191592
2018-09-18,43.3,43.42,43.265,43.29,1087498
2018-09-17,43.68,43.72,43.49,43.53,780098
2018-09-14,43.51,43.63,43.39,43.55,1330862
2018-09-13,43.54,43.67,43.47,43.61,1767044
2018-09-12,42.75,42.99,42.63,42.93,1364961
2018-09-11,42.53,42.92,42.46,42.81,1293230
2018-09-10,43.07,43.1,42.87,42.91,1200349
2018-09-07,42.82,43.01,42.785,42.82,1477198
2018-09-06,43.65,43.69,43.19,43.3,1317014
2018-09-05,43.99,44.1,43.68,43.78,1248822
2018-09-04,43.89,44.16,43.74,44.1,948706
2018-08-31,44.1,44.215,43.855,44.01,1073982
2018-08-30,44.41,44.555,44.28,44.34,1235090
2018-08-29,44.87,45.13,44.805,45.09,1022935
2018-08-28,45.17,45.24,44.9,44.91,888218
2018-08-27,44.81,45.396,44.81,45.33,907659
2018-08-24,44.58,44.7,44.52,44.52,918650
2018-08-23,44.58,44.71,44.41,44.48,1533721
2018-08-22,45.19,45.26,44.96,45.19,1163187
2018-08-21,45.04,45.25,44.96,45.09,1079737
2018-08-20,44.97,45.1367,44.93,45.05,870124
2018-08-17,44.66,45.02,44.5745,44.92,950329
2018-08-16,45.19,45.28,45.02,45.08,1038058
2018-08-15,45.36,45.36,45.05,45.27,1680936
2018-08-14,46.05,46.17,45.97,46.02,1178935
2018-08-13,46.16,46.3,45.93,45.99,1177493
2018-08-10,46.31,46.615,46.19,46.39,1721142
2018-08-09,47.27,47.32,46.9133,46.97,893168
2018-08-08,47.06,47.25,46.96,47.15,1012558
2018-08-07,47.04,47.13,46.7,46.74,930291
2018-08-06,46.54,46.58,46.265,46.42,1327870
2018-08-03,47.13,47.29,47.07,47.19,1236079
2018-08-02,46.42,46.66,46.35,46.61,1337677
2018-08-01,47.58,47.78,47.3,47.41,1264810
2018-07-31,48.72,48.81,48.4,48.42,1392431
2018-07-30,48.15,48.4,48.11,48.17,1093971
2018-07-27,48.37,48.54,48.055,48.21,1052105
2018-07-26,48.31,48.41,48.0,48.04,938397
2018-07-25,48.14,48.56,48.08,48.5,991419
2018-07-24,48.67,48.87,48.35,48.41,1378958
2018-07-23,47.65,47.9068,47.61,47.79,894360
2018-07-20,47.24,47.4751,47.16,47.38,866349
2018-07-19,47.33,47.4,47.01,47.14,1016133
2018-07-18,47.18,47.52,47.09,47.43,1524711
2018-07-17,47.19,47.2499,47.03,47.04,1084364
2018-07-16,47.2,47.575,47.16,47.5,993219
2018-07-13,47.49,47.5,47.195,47.44,706281
2018-07-12,47.5,47.61,47.31,47.55,1288020
2018-07-11,47.09,47.27,46.7,46.77,1190269
2018-07-10,47.36,47.535,47.32,47.45,1196197
2018-07-09,47.46,47.89,47.43,47.85,1315912
2018-07-06,46.62,47.179,46.51,47.14,1050832
2018-07-05,47.05,47.26,46.9332,47.11,1171268
2018-07-03,46.87,46.93,46.71,46.73,1328457
2018-07-02,46.25,46.54,46.23,46.52,1413335
2018-06-29,47.4,47.67,47.11,47.14,1553557
2018-06-28,46.77,47.04,46.65,46.94,1118785
2018-06-27,47.2,47.36,46.55,46.57,1586650
2018-06-26,47.32,47.6,47.095,47.5,1206757
2018-06-25,47.24,47.32,47.0,47.16,1575183
2018-06-22,48.13,48.29,47.9,47.95,2119797
2018-06-21,47.77,47.81,47.275,47.42,1674776
2018-06-20,48.73,48.74,48.24,48.25,1131596
2018-06-19,47.92,48.2,47.745,48.09,1606877
2018-06-18,48.21,48.52,48.141,48.51,879811
2018-06-15,48.54,48.64,48.3531,48.51,1417736
2018-06-14,49.37,49.5818,49.13,49.16,1598374
2018-06-13,49.63,49.64,49.3,49.3,1110469
2018-06-12,49.37,49.55,49.24,49.26,1044029
2018-06-11,48.83,49.445,48.83,49.29,1941844
2018-06-08,49.31,49.44,49.06,49.38,750901
2018-06-07,49.52,49.63,49.235,49.32,884351
2018-06-06,49.01,49.425,48.9,49.35,2087149
2018-06-05,48.95,48.995,48.615,48.72,818985
2018-06-04,49.2,49.23,48.98,49.08,913120
2018-06-01,48.84,48.96,48.65,48.77,1294240
2018-05-31,48.38,48.49,48.135,48.38,1432474
2018-05-30,48.04,48.7667,48.04,48.64,1510840
2018-05-29,48.39,48.63,47.98,48.16,1927905
2018-05-25,49.07,49.28,49.0,49.14,960075
2018-05-24,49.55,49.59,49.09,49.33,1222123
2018-05-23,50.02,50.07,49.5459,49.76,1401730
2018-05-22,50.66,50.77,50.48,50.51,1347302
2018-05-21,49.86,50.11,49.84,49.97,798463
2018-05-18,49.97,50.02,49.67,49.78,1085881
2018-05-17,49.64,49.8,49.45,49.64,1202534
2018-05-16,50.26,50.475,50.18,50.31,1257376
2018-05-15,50.34,50.49,50.12,50.19,1335977
2018-05-14,50.27,50.41,50.16,50.22,821479
2018-05-11,50.38,50.45,50.15,50.18,1100489
2018-05-10,49.49,49.96,49.37,49.93,1320788
2018-05-09,49.07,49.61,49.06,49.54,1538434
2018-05-08,48.37,48.65,48.305,48.63,1335120
2018-05-07,48.82,48.95,48.71,48.79,1441368
2018-05-04,47.97,49.04,47.97,48.98,1793813
2018-05-03,49.95,49.98,49.2561,49.84,1837938
2018-05-02,50.19,50.3567,49.9,49.96,1024404
2018-05-01,50.2,50.2,49.905,50.13,871658
2018-04-30,50.35,50.56,50.26,50.26,1108091
2018-04-27,49.91,50.3258,49.885,50.23,925019
2018-04-26,49.99,50.14,49.88,49.96,812413
2018-04-25,49.93,50.29,49.74,50.12,1277799
2018-04-24,50.1,50.39,49.84,49.98,1599718
2018-04-23,49.86,50.0262,49.77,49.95,1283491
2018-04-20,49.69,49.78,49.5138,49.62,1260413
2018-04-19,49.47,49.73,49.36,49.41,1710478
2018-04-18,48.76,48.89,48.48,48.57,1059904
2018-04-17,48.98,49.0,48.78,48.84,965125
2018-04-16,48.82,48.88,48.545,48.74,1157793
2018-04-13,49.6,49.6,49.05,49.13,1471579
2018-04-12,48.9,49.1701,48.79,49.1,1291190
2018-04-11,48.8,48.8,48.39,48.4,1302446
2018-04-10,48.22,48.37,48.1,48.26,1195586
2018-04-09,47.76,48.155,47.595,47.73,1314845
2018-04-06,47.34,47.615,46.975,47.17,1887507
2018-04-05,47.58,47.87,47.53,47.74,2159625
2018-04-04,46.75,47.63,46.73,47.6,2019944
2018-04-03,47.3,47.46,46.99,47.45,1849858
2018-04-02,47.6,47.73,46.91,47.34,2018898
2018-03-29,47.45,47.81,47.23,47.67,2412976
2018-03-28,47.5,47.95,47.31,47.73,1806020
2018-03-27,48.38,48.39,47.4,47.61,2274059
2018-03-26,48.12,48.315,47.64,48.24,2851041
2018-03-23,47.81,48.01,47.3,47.3,2916487
2018-03-22,48.38,48.49,47.91,48.03,2613757
2018-03-21,49.43,49.65,49.09,49.34,1291866
2018-03-20,49.61,49.66,49.375,49.44,1257844
2018-03-19,49.65,49.67,49.165,49.43,1204049
2018-03-16,49.58,49.82,49.565,49.59,2542138
2018-03-15,48.98,49.43,48.96,49.25,1176544
2018-03-14,49.0,49.0365,48.64,48.73,1693153
2018-03-13,49.4,49.51,48.9241,49.04,1416081
2018-03-12,49.43,49.56,49.36,49.39,1408302
2018-03-09,49.26,49.6,49.19,49.55,1304103
2018-03-08,49.12,49.2,48.875,49.09,1278213
2018-03-07,49.11,49.3069,48.785,49.24,1217350
2018-03-06,49.45,49.49,49.095,49.38,1675240
2018-03-05,48.69,49.47,48.62,49.31,1555858
2018-03-02,49.14,49.52,48.93,49.48,2283728
2018-03-01,49.93,49.995,49.27,49.6,2672360
2018-02-28,50.32,50.39,49.6,49.63,1895566
2018-02-27,50.46,50.68,50.15,50.16,2137296
2018-02-26,50.79,51.16,50.74,51.16,1565237
2018-02-23,50.96,51.26,50.93,51.23,1392910
2018-02-22,51.13,51.31,50.77,51.04,1844739
2018-02-21,52.32,52.93,52.18,52.18,1984461
2018-02-20,51.83,52.13,51.54,52.02,3009266
2018-02-16,53.67,54.155,53.62,53.83,1681528
2018-02-15,53.86,53.88,53.249,53.75,2071518
2018-02-14,52.33,53.3062,52.29,53.2,1806235
2018-02-13,51.63,51.8,51.475,51.68,1414235
2018-02-12,50.98,51.66,50.79,51.38,2054924
2018-02-09,51.16,51.695,50.15,51.39,3197360
2018-02-08,52.33,52.34,50.85,50.85,2723399
2018-02-07,51.47,52.2,51.47,51.74,2342722
2018-02-06,51.09,52.52,50.9702,52.35,3951112
2018-02-05,53.02,53.3,51.54,51.58,3259442
2018-02-02,53.73,53.78,53.205,53.29,1617545
2018-02-01,54.01,54.23,53.9,54.13,1299832
2018-01-31,54.14,54.28,53.85,53.91,1548181
2018-01-30,54.5,54.56,54.15,54.2,1703871
2018-01-29,54.64,54.9499,54.61,54.74,1628217
2018-01-26,55.22,55.45,55.005,55.42,1798163
2018-01-25,55.6,55.6,55.07,55.12,1517042
2018-01-24,55.86,55.89,55.4,55.6,2080249
2018-01-23,55.37,55.56,55.26,55.46,2032417
2018-01-22,55.35,55.5,55.23,55.47,1814781
2018-01-19,55.1,55.36,55.1,55.36,3266078
2018-01-18,54.97,55.5401,54.91,55.39,2950458
2018-01-17,54.96,55.695,54.83,55.62,2676841
2018-01-16,54.64,55.2,54.63,54.9,3301509
2018-01-12,54.38,54.875,54.35,54.83,2114071
2018-01-11,54.17,54.3366,54.0938,54.3,1322742
2018-01-10,53.88,54.18,53.7,53.92,2724483
2018-01-09,51.98,52.25,51.98,52.15,1272735
2018-01-08,51.63,51.85,51.62,51.75,1255309
2018-01-05,52.02,52.18,51.89,52.17,1871550
2018-01-04,52.05,52.31,52.03,52.26,2857377
2018-01-03,51.67,52.17,51.67,52.15,2283554
2018-01-02,52.0,52.44,51.8899,52.41,2119621
2017-12-29,51.73,51.855,51.64,51.64,2013391
2017-12-28,51.38,51.55,51.36,51.52,1207341
2017-12-27,51.38,51.53,51.32,51.48,1459298
2017-12-26,51.41,51.72,51.41,51.52,1407406
2017-12-22,51.45,51.73,51.35,51.66,2048320
2017-12-21,51.11,51.52,51.07,51.47,2968890
2017-12-20,51.17,51.19,50.86,51.1,7156055
2017-12-19,50.58,50.6899,50.41,50.54,874682
2017-12-18,50.69,50.9,50.58,50.7,1454183
2017-12-15,50.25,50.31,50.09,50.17,1374212
2017-12-14,50.94,51.1,50.86,50.91,1425644
2017-12-13,51.46,51.71,51.38,51.44,2272404
2017-12-12,50.2,50.63,50.18,50.55,1019382
2017-12-11,49.93,50.28,49.93,50.2,1830084
2017-12-08,49.28,49.415,49.045,49.37,1249366
2017-12-07,48.46,48.92,48.42,48.82,1201265
2017-12-06,48.6,48.66,48.46,48.55,1185328
2017-12-05,49.26,49.34,49.035,49.08,1151586
2017-12-04,49.53,49.62,49.25,49.34,1189985
2017-12-01,49.55,49.74,49.16,49.56,1770869
2017-11-30,49.83,49.98,49.5645,49.65,1995983
2017-11-29,49.86,50.07,49.495,49.79,1701696
2017-11-28,49.37,49.89,49.24,49.83,1736350
2017-11-27,49.23,49.395,49.04,49.04,929735
2017-11-24,49.1,49.15,48.99,49.04,420123
2017-11-22,49.18,49.26,48.97,49.18,1168898
2017-11-21,48.33,48.44,48.24,48.35,984053
2017-11-20,48.34,48.41,48.23,48.34,767923
2017-11-17,48.12,48.39,48.12,48.28,614121
2017-11-16,48.4,48.45,48.16,48.27,712096
2017-11-15,48.03,48.51,47.96,48.43,837984
2017-11-14,48.04,48.37,48.02,48.32,905375
2017-11-13,48.03,48.28,47.99,48.26,1059299
2017-11-10,48.75,48.96,48.67,48.72,1159840
2017-11-09,48.66,48.75,48.43,48.68,1339213
2017-11-08,48.27,48.445,48.2,48.35,1208776
2017-11-07,48.2,48.26,47.965,48.05,1531628
2017-11-06,48.19,48.3,48.06,48.26,717371
2017-11-03,48.42,48.43,48.25,48.35,703781
2017-11-02,48.25,48.38,48.1352,48.35,1383752
2017-11-01,48.77,48.89,48.51,48.68,1601400
2017-10-31,48.94,48.94,48.7,48.77,1104807
2017-10-30,48.69,48.78,48.53,48.74,1692701
2017-10-27,49.11,49.28,48.94,49.18,1055230
2017-10-26,49.23,49.3175,49.005,49.01,1022538
2017-10-25,49.37,49.47,48.93,49.19,1643513
2017-10-24,49.07,49.21,49.01,49.04,902564
2017-10-23,49.15,49.2469,48.84,48.88,1061523
2017-10-20,49.46,49.55,49.325,49.54,2006023
2017-10-19,49.05,49.23,48.99,49.19,1770749
2017-10-18,49.17,49.575,49.14,49.49,1476768
2017-10-17,49.19,49.19,48.95,49.11,1356922
2017-10-16,49.27,49.39,49.195,49.34,1122142
2017-10-13,49.36,49.42,49.03,49.23,1509260
2017-10-12,49.15,49.366,49.09,49.23,1141630
2017-10-11,50.01,50.06,49.79,50.0,1359331
2017-10-10,50.2,50.6,50.17,50.6,1596944
2017-10-09,49.72,49.76,49.52,49.59,609050
2017-10-06,49.28,49.54,49.275,49.5,884630
2017-10-05,49.32,49.7301,49.31,49.68,1044432
2017-10-04,49.66,49.72,49.47,49.56,716280
2017-10-03,49.25,49.58,49.23,49.55,917542
2017-10-02,49.04,49.17,48.99,49.09,927419
2017-09-29,49.05,49.56,49.05,49.41,882340
2017-09-28,48.9,49.26,48.83,49.22,1012063
2017-09-27,49.08,49.09,48.8,48.88,1032550
2017-09-26,48.65,48.68,48.195,48.36,621680
2017-09-25,48.72,48.89,48.31,48.47,832728
2017-09-22,48.95,49.197,48.85,49.11,827228
2017-09-21,49.05,49.14,48.925,48.98,720220
2017-09-20,49.04,49.21,48.91,48.99,922157
2017-09-19,48.95,49.35,48.87,49.24,1262083
2017-09-18,48.57,48.72,48.54,48.66,897338
2017-09-15,48.11,48.24,48.06,48.19,1222470
2017-09-14,48.32,48.35,48.14,48.25,1145739
2017-09-13,48.61,48.665,48.27,48.34,1009878
2017-09-12,48.61,48.93,48.59,48.8,924494
2017-09-11,48.07,48.6,48.06,48.47,946548
2017-09-08,47.94,48.12,47.84,47.86,1088444
2017-09-07,47.86,47.8601,47.27,47.46,989293
2017-09-06,47.44,47.73,47.4,47.58,858102
2017-09-05,48.09,48.12,47.46,47.66,1453267
2017-09-01,48.65,48.74,48.5,48.5,713921
2017-08-31,48.55,48.58,48.2,48.4,1273936
2017-08-30,48.48,48.54,48.33,48.36,1335239
2017-08-29,47.89,48.16,47.82,48.08,1370499
2017-08-28,48.1,48.115,47.82,47.88,1037499
2017-08-25,47.93,48.0645,47.58,47.77,1312838
2017-08-24,47.7,47.78,47.41,47.41,881332
2017-08-23,47.34,47.525,47.32,47.44,1064898
2017-08-22,47.41,47.6334,47.41,47.53,1052155
2017-08-21,47.3,47.3967,47.16,47.32,1075726
2017-08-18,47.1,47.53,47.05,47.33,1264941
2017-08-17,47.49,47.695,47.2,47.21,1395684
2017-08-16,48.13,48.21,47.98,48.03,756948
2017-08-15,47.98,48.04,47.83,47.91,920046
2017-08-14,48.27,48.38,48.16,48.17,1085492
2017-08-11,47.88,47.99,47.681,47.77,1403634
2017-08-10,48.74,48.75,48.17,48.19,1671389
2017-08-09,49.51,49.77,49.47,49.69,1406371
2017-08-08,49.65,49.955,49.62,49.78,1179228
2017-08-07,50.06,50.07,49.85,49.92,622456
2017-08-04,50.11,50.37,50.005,50.06,1029803
2017-08-03,50.07,50.17,49.895,50.06,1187598
2017-08-02,50.1,50.21,49.98,50.2,1305611
2017-08-01,50.78,50.86,50.5,50.8,1913269
2017-07-31,49.83,50.18,49.73,50.09,1976244
2017-07-28,48.64,49.0,48.575,48.9,2270558
2017-07-27,49.48,49.5445,48.92,49.07,1264463
2017-07-26,49.14,49.39,49.05,49.36,1657228
2017-07-25,49.4,49.5,49.18,49.22,2060437
2017-07-24,48.04,48.31,47.9,48.22,1320178
2017-07-21,47.94,47.98,47.63,47.86,1425371
2017-07-20,48.1,48.18,48.04,48.11,1490351
2017-07-19,48.11,48.2,48.01,48.11,1606980
2017-07-18,47.84,48.06,47.77,48.06,997749
2017-07-17,48.33,48.355,48.13,48.15,722431
2017-07-14,47.8,48.3,47.755,48.21,1358796
2017-07-13,48.05,48.39,48.04,48.36,1156684
2017-07-12,47.98,48.2,47.91,48.18,1406344
2017-07-11,47.76,47.9,47.66,47.9,2066905
2017-07-10,47.52,47.7001,47.47,47.65,1572683
2017-07-07,46.88,47.01,46.75,46.95,1381359
2017-07-06,47.04,47.335,47.005,47.01,1427179
2017-07-05,46.87,47.16,46.78,47.15,1624961
2017-07-03,46.93,47.27,46.875,47.24,1371470
2017-06-30,46.42,46.49,46.14,46.39,1751117
2017-06-29,46.71,46.81,46.37,46.53,5372797
2017-06-28,44.24,44.68,44.22,44.65,2781546
2017-06-27,43.95,44.21,43.87,44.11,1716585
2017-06-26,44.03,44.1559,43.89,43.91,1571554
2017-06-23,43.48,43.49,43.29,43.36,1158129
2017-06-22,43.33,43.3604,43.24,43.31,1214928
2017-06-21,43.56,43.6201,43.425,43.47,1368214
2017-06-20,43.7,43.745,43.4,43.5,1492492
2017-06-19,44.09,44.22,44.0318,44.18,1172356
2017-06-16,43.86,44.04,43.77,44.0,1551204
2017-06-15,43.71,43.91,43.67,43.81,1510514
2017-06-14,43.8,43.8,43.535,43.68,1414103
2017-06-13,43.83,43.91,43.6642,43.86,1145321
2017-06-12,43.84,43.945,43.63,43.77,1323473
2017-06-09,44.26,44.38,44.005,44.21,2017575
2017-06-08,44.22,44.36,44.18,44.27,1286387
2017-06-07,44.19,44.29,44.05,44.27,1285634
2017-06-06,44.18,44.297,44.15,44.26,1466441
2017-06-05,44.0,44.0661,43.91,43.91,952562
2017-06-02,43.81,43.86,43.66,43.79,1055841
2017-06-01,43.73,43.82,43.54,43.81,1440016
2017-05-31,43.95,44.0,43.42,43.49,2077165
2017-05-30,43.51,43.545,43.36,43.41,1244513
2017-05-26,43.3,43.34,43.12,43.15,1442857
2017-05-25,43.46,43.47,43.3,43.38,1337384
2017-05-24,43.39,43.46,43.135,43.27,1350230
2017-05-23,43.54,43.595,43.325,43.44,1535991
2017-05-22,43.45,43.5,43.32,43.4,1622859
2017-05-19,43.19,43.445,43.18,43.35,1857052
2017-05-18,43.04,43.29,42.99,43.12,1963114
2017-05-17,43.54,43.54,43.041,43.1,2555999
2017-05-16,44.38,44.44,44.33,44.41,1798557
2017-05-15,44.0,44.26,43.99,44.23,1883335
2017-05-12,43.68,43.75,43.58,43.73,1615493
2017-05-11,43.59,43.6364,43.47,43.57,2781486
2017-05-10,43.48,43.5,43.33,43.43,2127203
2017-05-09,43.09,43.15,42.86,42.91,2309092
2017-05-08,42.87,42.87,42.61,42.69,1478120
2017-05-05,42.68,42.71,42.515,42.68,1675258
2017-05-04,43.03,43.04,42.61,42.8,4567926
2017-05-03,41.41,41.72,41.37,41.62,1751726
2017-05-02,41.4,41.46,41.28,41.41,3085063
2017-05-01,41.25,41.405,41.21,41.28,1027946
2017-04-28,41.25,41.385,41.15,41.17,1864205
2017-04-27,41.5,41.5007,41.25,41.43,1520628
2017-04-26,41.24,41.41,41.17,41.18,1759361
2017-04-25,41.2,41.39,41.15,41.24,2075488
2017-04-24,40.83,40.94,40.76,40.83,2764231
2017-04-21,40.11,40.14,39.89,39.94,1405391
2017-04-20,40.0,40.08,39.955,40.03,2083290
2017-04-19,39.94,40.05,39.63,39.73,2413384
2017-04-18,40.18,40.24,39.86,40.16,2775203
2017-04-17,40.25,40.635,40.23,40.59,1544016
2017-04-13,40.26,40.47,40.14,40.16,2842630
2017-04-12,41.1,41.13,40.885,40.97,1292598
2017-04-11,41.08,41.15,40.81,41.12,1882749
2017-04-10,40.92,41.0,40.72,40.82,1422219
2017-04-07,40.67,40.73,40.5,40.57,1330723
2017-04-06,40.61,40.83,40.54,40.65,1807362
2017-04-05,40.94,41.17,40.65,40.68,2678486
2017-04-04,40.49,40.56,40.365,40.5,1522648
2017-04-03,40.69,40.73,40.25,40.56,2209956
2017-03-31,40.93,40.98,40.7799,40.82,1625899
2017-03-30,40.87,41.145,40.855,41.05,1692593
2017-03-29,40.72,40.97,40.707,40.86,1623107
2017-03-28,40.75,41.155,40.74,41.05,1818976
2017-03-27,40.5,40.78,40.41,40.69,2366355
2017-03-24,40.56,40.665,40.355,40.56,1741145
2017-03-23,40.45,40.625,40.43,40.55,2164617
2017-03-22,40.3,40.595,40.27,40.5,2633916
2017-03-21,41.15,41.21,40.591,40.64,2746117
2017-03-20,40.85,40.85,40.6545,40.66,2041538
2017-03-17,41.13,41.2,40.78,40.91,2367023
2017-03-16,41.43,41.53,41.24,41.41,2324764
2017-03-15,40.86,41.165,40.85,41.15,1917280
2017-03-14,40.68,40.8,40.59,40.75,1501517
2017-03-13,41.05,41.27,41.01,41.16,2070930
2017-03-10,40.49,40.59,40.36,40.58,1989154
2017-03-09,40.7,40.7,40.51,40.57,1883778
2017-03-08,40.79,40.87,40.51,40.51,1449473
2017-03-07,40.57,40.65,40.495,40.57,1260445
2017-03-06,40.85,40.88,40.62,40.77,1552541
2017-03-03,40.94,41.09,40.86,41.01,1643807
2017-03-02,40.84,40.93,40.735,40.77,2198433
2017-03-01,40.69,41.0,40.69,40.84,2652526
2017-02-28,40.18,40.335,40.15,40.3,2004013
2017-02-27,40.29,40.47,40.23,40.36,2040163
2017-02-24,40.58,40.7445,40.51,40.67,2402277
2017-02-23,41.23,41.28,40.87,41.02,2682183
2017-02-22,40.85,41.35,40.85,41.18,3838982
2017-02-21,41.33,41.67,41.31,41.58,7478796
2017-02-17,43.71,43.98,43.67,43.91,1892055
2017-02-16,44.08,44.15,43.89,44.11,1954803
2017-02-15,43.79,44.18,43.73,44.09,2237731
2017-02-14,43.31,43.57,43.29,43.51,1664075
2017-02-13,42.94,43.34,42.92,43.28,2528786
2017-02-10,42.79,43.07,42.765,42.97,1484623
2017-02-09,42.92,43.19,42.85,43.06,1743938
2017-02-08,42.48,42.62,42.195,42.58,1868846
2017-02-07,42.68,42.89,42.66,42.83,2162537
2017-02-06,42.6,42.8699,42.6,42.76,4395154
2017-02-03,42.72,42.95,42.66,42.78,6750675
2017-02-02,42.61,42.66,42.33,42.46,2379206
2017-02-01,43.1,43.13,42.665,42.78,2221930
2017-01-31,42.99,43.035,42.455,42.6,1681037
2017-01-30,42.63,42.66,42.41,42.5,1412395
2017-01-27,43.1,43.14,42.91,42.96,1353866
2017-01-26,42.9,43.03,42.82,42.99,1626272
2017-01-25,42.65,42.85,42.58,42.83,1415726
2017-01-24,42.07,42.25,41.99,42.1,1331036
2017-01-23,41.59,41.93,41.56,41.88,1394139
2017-01-20,41.66,41.81,41.64,41.74,1206226
2017-01-19,41.83,41.92,41.49,41.67,2159483
2017-01-18,41.79,41.98,41.56,41.91,3065440
2017-01-17,41.7,41.72,41.15,41.18,1988952
2017-01-13,41.08,41.34,41.08,41.16,1592855
2017-01-12,41.26,41.34,41.04,41.18,1318293
2017-01-11,40.99,41.35,40.82,41.35,1917668
2017-01-10,40.79,41.065,40.71,40.75,1764194
2017-01-09,40.76,40.7901,40.62,40.66,1896502
2017-01-06,41.05,41.2701,41.04,41.15,2313263
2017-01-05,41.05,41.21,40.92,41.16,1573939
2017-01-04,41.01,41.3,40.84,41.28,1398653
2017-01-03,41.07,41.08,40.74,40.89,2353037
2016-12-30,40.28,40.4,40.12,40.18,1743461
2016-12-29,39.84,39.87,39.64,39.77,1405547
2016-12-28,40.01,40.075,39.76,39.77,1166503
2016-12-27,39.93,39.9841,39.87,39.87,747600
2016-12-23,39.69,39.92,39.58,39.87,1477661
2016-12-22,40.34,40.47,40.25,40.34,1382380
2016-12-21,40.58,40.62,40.431,40.52,1393066
2016-12-20,40.35,40.68,40.29,40.57,2867821
2016-12-19,40.79,41.0,40.665,40.89,2041221
2016-12-16,41.37,41.57,41.31,41.36,1919366
2016-12-15,41.53,41.69,41.36,41.39,2618335
2016-12-14,42.1,42.21,41.47,41.51,2701158
2016-12-13,41.86,42.17,41.6738,42.06,4343186
2016-12-12,41.39,41.6499,41.2,41.42,3793945
2016-12-09,42.46,42.65,42.35,42.64,2326116
2016-12-08,42.52,42.68,42.36,42.54,2276930
2016-12-07,42.4,43.07,42.36,42.96,3757493
2016-12-06,41.4,41.71,41.19,41.62,4700881
2016-12-05,39.77,39.995,39.735,39.86,1990815
2016-12-02,39.61,39.87,39.52,39.69,1820440
2016-12-01,39.4,39.73,39.35,39.54,2059586
2016-11-30,39.51,39.71,39.4038,39.54,2535017
2016-11-29,39.22,39.48,39.14,39.31,1198336
2016-11-28,39.35,39.4,39.08,39.13,2464076
2016-11-25,39.78,39.895,39.71,39.83,698783
2016-11-23,39.26,40.02,39.25,39.91,1937620
2016-11-22,39.67,39.79,39.53,39.73,1492075
2016-11-21,39.42,39.49,39.23,39.47,2003124
2016-11-18,39.04,39.13,38.95,39.02,1374415
2016-11-17,39.26,39.43,39.12,39.29,1694480
2016-11-16,39.19,39.2976,39.005,39.06,2340865
2016-11-15,39.51,39.99,39.44,39.95,2129016
2016-11-14,39.52,39.73,39.4336,39.64,2269989
2016-11-11,38.92,39.255,38.82,39.23,3073839
2016-11-10,39.46,39.65,38.9509,39.14,4515122
2016-11-09,38.19,38.955,38.18,38.7,3672405
2016-11-08,37.92,38.56,37.85,38.38,1732704
2016-11-07,38.46,38.64,38.37,38.49,3019626
2016-11-04,36.98,37.25,36.93,37.03,1875519
2016-11-03,37.24,37.37,37.0114,37.09,1342676
2016-11-02,37.37,37.39,36.99,37.1,2143200
2016-11-01,37.74,37.76,37.21,37.5,2193408
2016-10-31,37.64,37.8,37.51,37.63,1660104
2016-10-28,37.69,37.9945,37.665,37.85,2064755
2016-10-27,38.16,38.24,37.95,38.03,1809475
2016-10-26,37.86,38.18,37.84,38.12,1961683
2016-10-25,38.08,38.21,37.97,38.12,1686863
2016-10-24,38.35,38.37,37.99,38.08,1360966
2016-10-21,38.04,38.346,38.0,38.23,2043871
2016-10-20,37.8,38.26,37.78,38.04,2402095
2016-10-19,37.78,37.97,37.74,37.82,1321833
2016-10-18,38.31,38.49,38.12,38.33,3085346
2016-10-17,37.46,37.57,37.29,37.38,1405911
2016-10-14,37.88,37.973,37.65,37.67,1356192
2016-10-13,37.03,37.47,36.79,37.39,1971944
2016-10-12,37.73,37.7738,37.49,37.68,1410838
2016-10-11,38.2,38.23,37.4811,37.61,3158376
2016-10-10,38.62,38.76,38.515,38.54,1494163
2016-10-07,38.39,38.6,38.16,38.55,1938225
2016-10-06,38.2,38.27,38.045,38.21,1433571
2016-10-05,38.18,38.41,38.01,38.31,1995873
2016-10-04,38.23,38.37,37.85,37.96,3671818
2016-10-03,37.66,37.825,37.495,37.62,2585471
2016-09-30,37.32,37.77,37.23,37.61,2362987
2016-09-29,37.59,37.78,36.895,37.16,2728387
2016-09-28,37.49,37.53,37.03,37.43,1579230
2016-09-27,37.12,37.6,36.97,37.59,2403366
2016-09-26,36.99,37.065,36.79,36.84,2931740
2016-09-23,37.25,37.34,37.14,37.21,1992193
2016-09-22,38.13,38.22,37.76,37.81,2787036
2016-09-21,38.25,38.43,38.0,38.43,2288137
2016-09-20,37.87,37.92,37.63,37.8,1896019
2016-09-19,37.84,37.96,37.59,37.74,2221156
2016-09-16,37.26,37.3,37.07,37.17,3114954
2016-09-15,37.53,37.88,37.4,37.84,2237414
2016-09-14,37.11,37.47,37.02,37.1,2553238
2016-09-13,37.11,37.17,36.8,36.96,3756761
2016-09-12,37.42,38.06,37.35,38.0,2540682
2016-09-09,38.42,38.4416,38.11,38.18,3216440
2016-09-08,38.0,38.24,37.92,38.19,2097796
2016-09-07,38.09,38.22,37.78,37.85,3343755
2016-09-06,38.59,38.61,38.16,38.33,2456640
2016-09-02,38.51,38.85,38.4,38.65,5073917
2016-09-01,38.14,38.19,37.625,37.88,3845892
2016-08-31,37.19,37.22,36.95,37.2,2816898
2016-08-30,36.54,36.61,36.45,36.57,1764186
2016-08-29,35.86,36.16,35.84,36.13,996792
2016-08-26,36.08,36.335,35.695,35.87,2167815
2016-08-25,35.77,35.87,35.74,35.86,1411901
2016-08-24,36.02,36.03,35.73,35.77,1546609
2016-08-23,35.84,35.94,35.68,35.69,2186014
2016-08-22,35.53,35.64,35.42,35.6,1560603
2016-08-19,35.48,35.63,35.35,35.61,1236653
2016-08-18,35.84,35.9038,35.62,35.86,3547065
2016-08-17,35.47,35.63,35.34,35.58,6275319
2016-08-16,35.32,35.46,35.24,35.35,5832148
2016-08-15,35.25,35.41,35.25,35.39,1499108
2016-08-12,35.25,35.31,35.135,35.25,1402785
2016-08-11,35.19,35.35,35.1158,35.3,1712025
2016-08-10,35.06,35.08,34.82,34.91,1949094
2016-08-09,35.03,35.31,35.02,35.2,2057694
2016-08-08,34.96,35.105,34.95,35.08,1864160
2016-08-05,34.51,34.8,34.5,34.8,2282360
2016-08-04,33.92,34.26,33.88,34.25,3225466
2016-08-03,33.8,33.85,33.48,33.7,4894657
2016-08-02,32.3,32.31,32.03,32.16,2489079
2016-08-01,32.26,32.46,32.15,32.26,2305765
2016-07-29,32.83,32.98,32.58,32.75,2064307
2016-07-28,32.36,32.41,32.22,32.38,3564831
2016-07-27,32.75,32.8,32.545,32.71,1914024
2016-07-26,32.73,32.77,32.305,32.53,2288945
2016-07-25,32.17,32.27,32.09,32.16,1706652
2016-07-22,32.35,32.4,32.25,32.38,1307754
2016-07-21,32.55,32.72,32.435,32.48,1599772
2016-07-20,32.63,32.7,32.46,32.57,2156903
2016-07-19,32.03,32.15,31.9,31.97,2078841
2016-07-18,31.98,32.32,31.89,32.13,2021403
2016-07-15,31.87,31.91,31.65,31.86,2603147
2016-07-14,31.91,32.07,31.775,31.89,3290538
2016-07-13,31.54,31.61,31.33,31.42,4596743
2016-07-12,31.34,31.67,31.28,31.54,3507272
2016-07-11,31.13,31.225,31.0,31.08,2991386
2016-07-08,30.66,30.67,30.4,30.51,2607279
2016-07-07,30.45,30.5,29.88,30.02,3542644
2016-07-06,29.92,30.19,29.67,30.19,4908003
2016-07-05,30.56,30.61,30.21,30.3,4668393
2016-07-01,31.49,31.52,31.22,31.33,4243995
2016-06-30,30.72,31.4,30.63,31.31,7351202
2016-06-29,30.4,30.7369,30.23,30.66,3813792
2016-06-28,30.21,30.27,29.6155,30.14,5415323
2016-06-27,29.27,29.475,28.62,29.38,11415030
2016-06-24,30.3,31.76,30.28,30.68,12249750
2016-06-23,33.5,33.75,33.15,33.73,3706783
2016-06-22,32.74,33.05,32.55,32.65,3905130
2016-06-21,32.28,32.66,32.09,32.43,5571218
2016-06-20,32.38,32.39,31.95,32.0,4604693
2016-06-17,30.89,31.15,30.69,31.15,3633549
2016-06-16,29.84,30.56,29.62,30.51,2927953
2016-06-15,30.36,30.56,30.16,30.23,3104648
2016-06-14,30.47,30.59,29.91,30.15,5259315
2016-06-13,30.71,31.13,30.65,30.72,3611735
2016-06-10,31.22,31.25,30.87,31.01,4574367
2016-06-09,32.36,32.36,32.11,32.23,2142062
2016-06-08,32.44,32.65,32.43,32.49,1234859
2016-06-07,32.58,32.78,32.48,32.53,1702083
2016-06-06,32.31,32.73,32.3,32.5,2380278
2016-06-03,32.65,32.65,32.07,32.54,2365825
2016-06-02,32.33,32.52,32.2589,32.51,1813760
2016-06-01,31.97,32.39,31.9355,32.29,2713758
2016-05-31,32.86,32.9363,32.34,32.44,2664974
2016-05-27,32.78,32.94,32.69,32.77,1604514
2016-05-26,32.63,32.8,32.46,32.61,2015810
2016-05-25,32.77,33.04,32.73,32.83,2930735
2016-05-24,31.84,31.99,31.72,31.9,3600266
2016-05-23,31.08,31.2,30.96,30.96,1915144
2016-05-20,31.13,31.38,31.05,31.11,3125335
2016-05-19,31.85,31.86,31.175,31.35,2748057
2016-05-18,31.07,31.5,31.01,31.45,2508552
2016-05-17,31.46,31.6899,31.25,31.4,3197621
2016-05-16,31.0,31.2468,31.0,31.18,2184447
2016-05-13,31.05,31.24,30.785,30.81,3205509
2016-05-12,31.39,31.52,30.884,30.99,2422008
2016-05-11,31.17,31.56,31.07,31.26,2629629
2016-05-10,31.35,31.63,31.32,31.58,1974970
2016-05-09,31.44,31.5262,31.08,31.22,2543872
2016-05-06,31.14,31.65,31.11,31.54,3701735
2016-05-05,31.73,31.96,31.64,31.7,2842102
2016-05-04,31.97,32.17,31.76,31.86,2693989
2016-05-03,32.88,32.91,32.47,32.61,1887170
2016-05-02,33.5,33.5,33.07,33.24,1543225
2016-04-29,33.44,33.6,33.18,33.33,2474064
2016-04-28,33.56,34.19,33.53,33.79,1599080
2016-04-27,33.65,34.185,33.65,34.09,2120296
2016-04-26,34.51,34.54,34.22,34.35,3393750
2016-04-25,33.3,33.52,33.1762,33.39,2274574
2016-04-22,33.5,33.779,33.44,33.66,2214348
2016-04-21,34.01,34.07,33.65,33.71,3139598
2016-04-20,33.55,33.68,33.35,33.56,3553808
2016-04-19,32.78,32.92,32.54,32.85,2526146
2016-04-18,31.74,32.128,31.69,32.06,1835318
2016-04-15,32.22,32.22,31.905,31.92,2629474
2016-04-14,32.03,32.06,31.77,31.94,2515034
2016-04-13,31.75,31.96,31.54,31.94,3881568
2016-04-12,29.79,30.29,29.6,30.23,2842135
2016-04-11,30.02,30.14,29.85,29.86,2178294
2016-04-08,29.69,29.83,29.52,29.6,2519149
2016-04-07,29.41,29.57,29.1401,29.26,2644414
2016-04-06,29.45,29.84,29.33,29.8,2776444
2016-04-05,29.82,29.821,29.585,29.64,4306004
2016-04-04,30.87,30.995,30.74,30.79,1799748
2016-04-01,30.52,30.93,30.51,30.92,2396656
2016-03-31,31.3,31.45,31.1,31.12,2136032
2016-03-30,31.55,31.795,31.39,31.49,2673743
2016-03-29,30.94,31.28,30.75,31.26,3181052
2016-03-28,31.33,31.38,31.18,31.29,2315624
2016-03-24,31.13,31.26,31.02,31.21,2780914
2016-03-23,31.81,31.83,31.53,31.6,1937722
2016-03-22,31.88,32.15,31.805,32.0,2416249
2016-03-21,32.57,32.68,32.38,32.55,2213798
2016-03-18,32.81,32.89,32.485,32.63,2161854
2016-03-17,32.3,32.74,32.26,32.53,3143190
2016-03-16,32.1,32.64,32.09,32.58,2690554
2016-03-15,32.22,32.38,32.09,32.35,2063942
2016-03-14,32.49,32.625,32.37,32.48,2060238
2016-03-11,32.41,32.74,32.4,32.74,4331714
2016-03-10,32.27,32.52,31.76,32.07,2399507
2016-03-09,32.4,32.45,31.98,32.11,2663024
2016-03-08,32.25,32.28,31.865,31.87,3223033
2016-03-07,31.7,32.2999,31.68,32.17,4086064
2016-03-04,32.05,32.4901,32.04,32.3,3548653
2016-03-03,32.02,32.16,31.89,32.16,3014975
2016-03-02,31.93,32.17,31.78,32.02,4706227
2016-03-01,32.01,32.4,31.89,32.28,4455157
2016-02-29,31.92,32.15,31.72,31.77,3081186
2016-02-26,32.44,32.48,32.1061,32.18,4557095
2016-02-25,31.24,31.48,31.0,31.47,3664060
2016-02-24,30.33,30.86,30.13,30.85,4903963
2016-02-23,31.7,31.71,31.08,31.09,3298596
2016-02-22,31.45,31.82,31.45,31.6,4041159
2016-02-19,31.99,32.32,31.83,32.18,2952396
2016-02-18,32.54,32.59,32.17,32.28,2846041
2016-02-17,32.62,32.86,32.52,32.72,2613107
2016-02-16,32.04,32.37,31.98,32.25,3546438
2016-02-12,31.45,31.955,31.185,31.92,3999039
2016-02-11,30.68,31.06,30.39,30.71,6385189
2016-02-10,31.81,32.34,31.71,31.85,4346548
2016-02-09,31.11,31.87,31.05,31.63,5587970
2016-02-08,32.11,32.12,31.502,31.87,7661249
2016-02-05,33.43,33.66,33.19,33.33,3210216
2016-02-04,33.08,33.81,33.08,33.66,3719221
2016-02-03,33.24,33.36,32.39,33.35,5310087
2016-02-02,33.9,33.9,33.435,33.55,3530201
2016-02-01,34.4,35.04,34.32,34.95,3167600
2016-01-29,34.8,35.4,34.65,35.4,3303538
2016-01-28,34.88,34.9,34.15,34.46,4345949
2016-01-27,33.67,34.665,33.66,34.0,3974483
2016-01-26,33.75,34.18,33.59,34.09,3474007
2016-01-25,33.84,33.94,33.51,33.53,3418375
2016-01-22,34.6,34.795,34.2601,34.55,3098454
2016-01-21,33.2,33.785,32.89,33.51,3850375
2016-01-20,33.44,33.68,32.7,33.5,6271698
2016-01-19,34.9,34.93,34.38,34.62,2862774
2016-01-15,34.69,34.965,34.37,34.63,5174379
2016-01-14,36.03,36.57,35.71,36.42,3038779
2016-01-13,36.6,36.71,35.8,35.97,4412792
2016-01-12,36.59,36.66,36.29,36.61,2430898
2016-01-11,36.67,36.69,36.16,36.43,2019227
2016-01-08,36.85,36.86,36.15,36.15,3396206
2016-01-07,36.55,36.87,36.29,36.39,3061673
2016-01-06,37.15,37.33,36.99,37.17,2969564
2016-01-05,38.49,38.61,38.11,38.5,1769827
2016-01-04,38.3,38.61,38.06,38.59,3553124
2015-12-31,39.64,39.68,39.38,39.47,1872549
2015-12-30,39.8,40.03,39.64,39.7,2014392
2015-12-29,40.18,40.3856,40.12,40.28,1426869
2015-12-28,40.0,40.17,39.79,40.03,1397780
2015-12-24,40.19,40.4851,40.19,40.36,673462
2015-12-23,40.0,40.3855,40.0,40.34,1860238
2015-12-22,39.36,39.63,39.16,39.57,1789766
2015-12-21,39.68,39.83,39.2,39.46,2067524
2015-12-18,39.61,39.615,39.18,39.28,2472496
2015-12-17,39.75,39.88,39.525,39.59,2259282
2015-12-16,39.5,39.55,39.07,39.5,2406202
2015-12-15,38.46,38.65,38.315,38.44,2109979
2015-12-14,37.98,38.1,37.285,37.91,3843169
2015-12-11,38.24,38.26,37.7,37.87,3195111
2015-12-10,38.69,38.97,38.61,38.72,2911174
2015-12-09,38.76,39.21,38.37,38.63,2607633
2015-12-08,38.41,38.51,38.23,38.37,3859139
2015-12-07,39.57,39.57,39.21,39.41,2271431
2015-12-04,39.39,39.9185,39.3,39.86,2664306
2015-12-03,40.31,40.36,39.535,39.66,2949034
2015-12-02,40.42,40.54,40.03,40.13,1623450
2015-12-01,40.65,40.74,40.44,40.65,1896811
2015-11-30,39.99,40.04,39.8,39.9,1650136
2015-11-27,40.25,40.27,40.08,40.12,917314
2015-11-25,40.24,40.32,40.03,40.16,1412188
2015-11-24,39.76,40.14,39.73,40.03,1632557
2015-11-23,40.56,40.74,40.26,40.35,1739347
2015-11-20,40.43,40.55,40.225,40.31,1571084
2015-11-19,40.05,40.35,40.02,40.2,1664235
2015-11-18,39.52,39.83,39.51,39.83,2064065
2015-11-17,39.46,39.63,39.29,39.41,1512012
2015-11-16,38.71,39.23,38.6549,39.22,1322875
2015-11-13,39.07,39.18,38.855,38.92,1923099
2015-11-12,39.75,39.8555,39.53,39.57,2038962
2015-11-11,39.92,39.95,39.5555,39.74,1062159
2015-11-10,39.55,39.67,39.39,39.66,1693220
2015-11-09,40.35,40.38,39.79,39.99,2129152
2015-11-06,39.85,40.04,39.58,39.86,2306737
2015-11-05,39.62,39.69,39.36,39.51,1452899
2015-11-04,40.29,40.3,39.9,40.04,2256588
2015-11-03,38.5,39.1,38.5,39.02,1556358
2015-11-02,38.94,39.12,38.79,39.04,1159767
2015-10-30,39.25,39.32,39.01,39.07,1501832
2015-10-29,39.18,39.36,38.98,39.23,1454568
2015-10-28,39.16,39.68,39.15,39.6,1327530
2015-10-27,39.32,39.44,39.16,39.22,1196348
2015-10-26,39.72,39.81,39.48,39.55,1087671
2015-10-23,39.94,40.04,39.73,39.91,1319840
2015-10-22,38.99,39.35,38.99,39.27,1968070
2015-10-21,39.21,39.3,38.93,38.93,1932323
2015-10-20,39.77,39.98,39.75,39.87,1740320
2015-10-19,40.07,40.145,39.93,40.12,1247631
2015-10-16,40.33,40.4399,40.04,40.37,1531485
2015-10-15,40.0,40.435,39.91,40.41,1218808
2015-10-14,39.87,40.1,39.6714,39.79,1335696
2015-10-13,39.33,39.72,39.32,39.54,2186043
2015-10-12,40.58,40.8,40.47,40.68,1163239
2015-10-09,40.83,40.96,40.48,40.57,1527397
2015-10-08,40.25,40.85,40.21,40.79,1902096
2015-10-07,40.59,40.88,40.3599,40.57,2688662
2015-10-06,39.47,39.76,39.45,39.53,1860237
2015-10-05,39.1,39.6255,39.1,39.54,1920287
2015-10-02,38.17,38.95,38.01,38.94,2371296
2015-10-01,38.5,38.59,37.87,38.17,2006412
2015-09-30,37.8,37.88,37.53,37.88,1981215
2015-09-29,37.02,37.1,36.78,37.04,2203074
2015-09-28,37.36,37.37,37.06,37.15,2273907
2015-09-25,38.09,38.31,37.95,38.06,1747250
2015-09-24,37.29,37.67,37.05,37.59,2605434
2015-09-23,38.33,38.36,37.81,37.98,2330806
2015-09-22,37.76,37.83,37.46,37.79,2349460
2015-09-21,38.49,38.555,38.27,38.46,1537163
2015-09-18,38.29,38.54,38.05,38.13,2181947
2015-09-17,39.1,39.5,38.9,39.02,2448326
2015-09-16,39.74,39.926,39.63,39.85,1595634
2015-09-15,38.98,39.27,38.91,39.2,2216557
2015-09-14,38.46,38.8,38.28,38.79,1753210
2015-09-11,38.95,39.155,38.88,39.12,1749345
2015-09-10,38.94,39.25,38.78,39.06,1981386
2015-09-09,40.16,40.18,39.305,39.33,2717532
2015-09-08,39.07,39.18,38.76,39.07,2241597
2015-09-04,37.69,37.84,37.47,37.68,2994114
2015-09-03,38.53,38.78,38.44,38.56,1712092
2015-09-02,38.82,38.86,38.1901,38.55,2181829
2015-09-01,38.35,38.52,37.9685,38.16,3068314
2015-08-31,39.63,39.781,39.52,39.67,1478230
2015-08-28,39.59,40.004,39.565,39.9,2604610
2015-08-27,39.71,40.21,39.68,40.16,2478257
2015-08-26,39.32,39.38,38.34,39.13,4004690
2015-08-25,40.04,40.04,39.16,39.22,4753195
2015-08-24,38.72,39.235,38.06,38.4,5488626
2015-08-21,41.42,41.575,40.515,40.52,4091228
2015-08-20,42.09,42.11,41.7,41.76,2667979
2015-08-19,42.64,42.69,42.25,42.37,2092448
2015-08-18,43.63,43.73,43.465,43.59,1255249
2015-08-17,43.32,43.65,43.26,43.47,1766224
2015-08-14,43.49,43.81,43.48,43.76,1220293
2015-08-13,43.82,43.95,43.69,43.78,1487833
2015-08-12,43.69,43.84,43.2845,43.79,2433750
2015-08-11,44.99,45.21,44.8169,45.18,2769353
2015-08-10,44.96,45.5,44.94,45.46,1011327
2015-08-07,45.45,45.595,45.35,45.49,1132606
2015-08-06,45.89,45.89,45.58,45.73,1119749
2015-08-05,46.24,46.38,46.09,46.18,1840324
2015-08-04,45.37,45.44,45.21,45.3,1307763
2015-08-03,45.26,45.4355,45.0,45.17,1312236
2015-07-31,45.35,45.4,45.02,45.07,1302514
2015-07-30,45.34,45.34,44.87,45.01,1279500
2015-07-29,44.89,45.22,44.89,45.08,1380082
2015-07-28,44.6,44.84,44.45,44.8,1662121
2015-07-27,43.94,44.0,43.76,43.89,1064675
2015-07-24,44.29,44.49,43.89,44.07,1549730
2015-07-23,45.24,45.24,44.76,44.84,1411709
2015-07-22,44.96,45.22,44.96,45.18,1026862
2015-07-21,45.58,45.69,45.43,45.53,1190040
2015-07-20,45.55,45.79,45.4755,45.61,1418722
2015-07-17,45.25,45.36,45.14,45.31,927680
2015-07-16,45.24,45.4,45.19,45.24,1362665
2015-07-15,44.69,44.8,44.53,44.69,1361369
2015-07-14,44.71,44.72,44.48,44.54,1144790
2015-07-13,44.62,44.67,44.33,44.42,1590346
2015-07-10,44.07,44.08,43.7136,43.87,1883977
2015-07-09,43.63,43.66,43.02,43.02,1641333
2015-07-08,42.77,43.01,42.51,42.55,2405775
2015-07-07,43.82,43.83,43.07,43.72,3642238
2015-07-06,44.15,44.51,44.08,44.26,1855345
2015-07-02,45.22,45.34,45.11,45.18,1438933
2015-07-01,44.525,44.69,44.4328,44.69,2269295
2015-06-30,45.46,45.49,44.61,44.81,2659345
2015-06-29,45.77,45.96,45.16,45.17,2228839
2015-06-26,46.45,46.7,46.32,46.5,1529979
2015-06-25,47.08,47.11,46.63,46.64,1068769
2015-06-24,47.26,47.405,47.16,47.16,793711
2015-06-23,47.32,47.42,47.28,47.31,1165676
2015-06-22,47.42,47.6067,47.315,47.33,1501284
2015-06-19,46.87,47.11,46.75,46.77,1597862
2015-06-18,46.63,46.855,46.5,46.7,1375259
2015-06-17,46.62,46.85,46.39,46.71,2014864
2015-06-16,46.46,46.715,46.355,46.65,2505792
2015-06-15,46.68,46.83,46.52,46.74,1908476
2015-06-12,47.23,47.55,47.06,47.45,1640313
2015-06-11,47.36,47.55,47.11,47.47,1550245
2015-06-10,47.39,47.69,47.36,47.57,2004674
2015-06-09,47.02,47.145,46.81,47.0,1817472
2015-06-08,47.5,47.58,47.2855,47.37,1239443
2015-06-05,46.81,47.34,46.73,47.18,1312207
2015-06-04,47.68,47.94,47.36,47.46,1358774
2015-06-03,47.76,48.24,47.75,47.9,1219198
2015-06-02,47.73,47.9672,47.65,47.78,1930827
2015-06-01,47.53,47.58,47.22,47.47,1868488
2015-05-29,48.09,48.13,47.32,47.5,1765229
2015-05-28,47.71,47.77,47.46,47.69,1506305
2015-05-27,47.58,48.19,47.5,47.81,2387876
2015-05-26,47.79,47.82,47.2945,47.4,2555019
2015-05-22,48.19,48.3,48.074,48.11,1570364
2015-05-21,48.11,48.18,47.94,47.96,3228825
2015-05-20,47.84,48.07,47.7628,47.81,2084928
2015-05-19,47.7,47.93,47.64,47.85,3006904
2015-05-18,48.49,48.69,48.4,48.45,1436208
2015-05-15,48.6,48.81,48.48,48.81,1466293
2015-05-14,48.65,48.73,48.3631,48.67,1807148
2015-05-13,48.22,48.3955,47.9955,48.32,1752907
2015-05-12,48.45,48.68,48.33,48.49,1872253
2015-05-11,49.15,49.3801,49.03,49.09,1823857
2015-05-08,49.32,49.58,49.085,49.48,2105099
2015-05-07,48.09,48.24,47.64,48.18,1673766
2015-05-06,48.17,48.36,48.02,48.25,2533831
2015-05-05,48.17,48.22,47.52,47.57,3675749
2015-05-04,49.07,49.2,48.95,49.1,2028363
2015-05-01,49.13,49.2484,48.845,49.23,2339279
2015-04-30,49.66,49.95,49.493,49.63,3540919
2015-04-29,50.14,50.2572,49.79,50.17,4139473
2015-04-28,49.2,49.59,49.04,49.57,2512216
2015-04-27,49.29,49.52,49.15,49.48,4058732
2015-04-24,47.74,47.84,47.46,47.71,3275903
2015-04-23,45.8,46.18,45.75,46.11,2009534
2015-04-22,45.62,45.65,45.26,45.61,1820765
2015-04-21,45.69,45.93,45.57,45.6,2424932
2015-04-20,45.55,45.77,45.4555,45.51,2092814
2015-04-17,44.86,44.99,44.75,44.86,1772401
2015-04-16,45.44,45.52,45.21,45.43,2202289
2015-04-15,45.53,45.92,45.48,45.89,1623317
2015-04-14,45.5,45.69,45.4,45.64,2965331
2015-04-13,45.31,45.41,45.07,45.27,3990183
2015-04-10,44.685,44.8,44.55,44.69,2179913
2015-04-09,44.41,44.63,44.35,44.54,2915240
2015-04-08,44.08,44.14,43.51,43.77,2843054
2015-04-07,43.56,43.73,43.46,43.49,3491264
2015-04-06,43.22,43.794,43.17,43.52,1205064
2015-04-02,43.08,43.23,43.035,43.15,1310848
2015-04-01,42.89,43.0,42.7,42.92,2100330
2015-03-31,42.51,42.81,42.5,42.59,2073337
2015-03-30,43.14,43.3455,43.09,43.19,1937575
2015-03-27,43.1,43.21,42.88,43.12,1983764
2015-03-26,43.18,43.22,42.812,43.13,1983044
2015-03-25,43.54,43.5955,43.2,43.24,2176744
2015-03-24,43.13,43.2,42.9827,43.02,1780631
2015-03-23,43.22,43.27,42.98,43.21,1855852
2015-03-20,43.26,43.715,43.12,43.56,3535768
2015-03-19,42.76,42.775,42.43,42.57,2259071
2015-03-18,42.29,43.23,42.22,43.09,3266692
2015-03-17,42.02,42.34,41.9799,42.25,2411549
2015-03-16,41.59,41.845,41.515,41.75,1503445
2015-03-13,41.46,41.605,41.2,41.55,2318270
2015-03-12,41.98,42.08,41.685,41.97,3466337
2015-03-11,42.07,42.19,41.9055,42.05,1869038
2015-03-10,42.85,42.86,42.27,42.35,2651950
2015-03-09,43.1,43.14,42.85,42.95,1862207
2015-03-06,43.19,43.25,42.75,42.81,2860720
2015-03-05,43.52,43.68,43.46,43.59,2063054
2015-03-04,43.79,43.81,43.52,43.76,1490847
2015-03-03,44.87,44.96,44.6499,44.81,1554684
2015-03-02,44.6,44.87,44.55,44.87,1229511
2015-02-27,44.7,44.78,44.59,44.62,1503779
2015-02-26,44.59,44.87,44.57,44.85,1497356
2015-02-25,44.77,44.8,44.51,44.77,2392323
2015-02-24,44.58,45.09,44.58,45.04,3623735
2015-02-23,44.36,44.71,44.17,44.68,3921103
2015-02-20,46.4,46.81,46.25,46.68,1339331
2015-02-19,46.44,46.57,46.21,46.25,1288479
2015-02-18,46.69,46.798,46.57,46.67,1820308
2015-02-17,46.18,46.38,45.9745,46.26,1813117
2015-02-13,46.01,46.2,45.91,46.13,1847339
2015-02-12,45.83,46.14,45.78,46.14,1955070
2015-02-11,45.2,45.42,45.05,45.42,2362959
2015-02-10,45.88,45.93,45.43,45.62,3488041
2015-02-09,46.2,46.51,46.19,46.37,2097620
2015-02-06,47.51,47.58,47.0,47.08,1475653
2015-02-05,46.79,47.12,46.72,47.07,1742521
2015-02-04,46.61,46.93,46.52,46.7,1502640
2015-02-03,46.28,46.85,46.27,46.85,2197869
2015-02-02,45.72,46.1599,45.7,46.09,1701498
2015-01-30,46.12,46.15,45.72,45.72,2044799
2015-01-29,46.51,46.71,46.25,46.68,1774836
2015-01-28,46.94,46.94,46.44,46.51,1783436
2015-01-27,46.92,47.12,46.58,46.97,1935203
2015-01-26,47.05,47.38,46.88,47.31,1847242
2015-01-23,46.72,47.02,46.69,46.83,1998379
2015-01-22,46.37,46.9155,46.37,46.84,1682551
2015-01-21,45.4,45.8,45.3,45.76,1859970
2015-01-20,45.32,45.5,45.11,45.36,3186377
2015-01-16,44.9,45.24,44.72,45.24,2908750
2015-01-15,45.09,45.4155,44.96,45.26,2448978
2015-01-14,45.01,45.37,44.85,45.24,2740765
2015-01-13,45.97,46.055,45.445,45.71,1884328
2015-01-12,45.71,45.763,45.37,45.62,1603132
2015-01-09,45.52,45.72,45.34,45.58,1401890
2015-01-08,45.63,46.01,45.63,45.82,1601622
2015-01-07,45.46,45.72,45.23,45.67,2122369
2015-01-06,45.44,45.68,45.01,45.32,3407778
2015-01-05,46.26,46.34,45.8,45.99,2599157
2015-01-02,47.3,47.33,46.85,47.07,1446250
2014-12-31,47.49,47.55,47.18,47.23,1180320
2014-12-30,47.31,47.478,47.19,47.4,1575662
2014-12-29,47.84,48.1,47.82,47.97,1110865
2014-12-26,47.88,48.13,47.77,48.02,892796
2014-12-24,47.68,47.84,47.42,47.71,1009071
2014-12-23,47.48,47.6138,47.38,47.53,2517936
2014-12-22,47.86,47.8794,47.6001,47.78,1907988
2014-12-19,47.44,47.71,47.23,47.54,2793226
2014-12-18,46.46,47.09,46.44,47.08,3278124
2014-12-17,46.51,46.87,46.3,46.7,3279077
2014-12-16,46.53,47.54,46.34,46.91,3062725
2014-12-15,46.95,47.21,46.08,46.46,3837366
2014-12-12,48.03,48.19,47.33,47.38,2782672
2014-12-11,48.38,48.56,48.15,48.28,1812763
2014-12-10,49.05,49.07,48.58,48.66,1819672
2014-12-09,49.0,49.21,48.8,49.04,1464813
2014-12-08,50.01,50.15,49.78,49.82,1359425
2014-12-05,50.12,50.35,50.04,50.08,1337770
2014-12-04,49.4,49.51,49.2199,49.38,986461
2014-12-03,49.81,49.86,49.5849,49.67,729185
2014-12-02,49.69,49.77,49.52,49.71,1507706
2014-12-01,49.48,49.48,48.98,49.06,1619280
2014-11-28,49.93,50.02,49.68,49.75,673223
2014-11-26,50.07,50.15,49.95,50.08,2025784
2014-11-25,49.8,50.09,49.75,49.92,1441853
2014-11-24,49.49,49.5935,49.22,49.47,1616586
2014-11-21,49.61,49.7101,49.38,49.5,1492107
2014-11-20,49.09,49.24,48.99,49.13,2115610
2014-11-19,49.73,49.76,49.54,49.74,1206079
2014-11-18,50.06,50.18,49.925,49.94,850544
2014-11-17,49.65,50.13,49.64,50.05,1071482
2014-11-14,49.91,50.31,49.9,50.27,1379257
2014-11-13,50.13,50.27,50.01,50.15,1089881
2014-11-12,49.96,50.28,49.94,50.22,731131
2014-11-11,50.54,50.63,50.4,50.57,791785
2014-11-10,50.27,50.451,50.0845,50.37,758835
2014-11-07,49.97,50.09,49.82,50.09,1308780
2014-11-06,50.56,50.67,50.18,50.36,722989
2014-11-05,50.33,50.5801,50.21,50.5,1087882
2014-11-04,49.93,50.16,49.835,50.16,1526208
2014-11-03,50.28,50.33,49.94,50.1,1675728
2014-10-31,50.95,51.2,50.81,51.02,1437351
2014-10-30,49.99,50.57,49.98,50.45,1414834
2014-10-29,50.66,50.85,50.39,50.69,1396924
2014-10-28,50.57,50.71,50.48,50.71,1261213
2014-10-27,49.97,50.37,49.96,50.26,1010551
2014-10-24,50.62,50.69,50.45,50.66,1238468
2014-10-23,50.66,50.71,50.395,50.45,2005554
2014-10-22,50.01,50.19,49.75,49.8,1220001
2014-10-21,50.26,50.5,50.21,50.44,1079173
2014-10-20,49.75,50.02,49.63,50.02,1293619
2014-10-17,49.87,50.235,49.71,50.19,2097831
2014-10-16,48.87,49.8,48.81,49.56,2811671
2014-10-15,50.0,50.07,48.8,49.64,3897856
2014-10-14,50.46,50.65,50.2299,50.34,1933295
2014-10-13,50.78,50.94,50.41,50.44,1782934
2014-10-10,50.04,50.16,49.71,49.76,4375561
2014-10-09,50.78,50.89,50.15,50.21,2568714
2014-10-08,50.92,51.43,50.77,51.43,3777024
2014-10-07,50.87,50.94,50.43,50.45,1259799
2014-10-06,50.86,50.99,50.58,50.78,3992468
2014-10-03,50.46,50.6172,50.32,50.41,3443809
2014-10-02,50.11,50.15,49.4,49.78,5464471
2014-10-01,50.68,50.78,50.143,50.17,2226050
